geo_code,year,sex_code,indicator_code,value,flag
EU27_2020,2013,F,early_leavers,10.0,
EU27_2020,2013,F,tertiary_25_34,40.3,
EU27_2020,2013,F,unemployment_15_74,11.6,
EU27_2020,2013,M,early_leavers,13.6,
EU27_2020,2013,M,tertiary_25_34,30.0,
EU27_2020,2013,M,unemployment_15_74,11.3,
EU27_2020,2013,T,early_childhood,89.6,
EU27_2020,2013,T,early_leavers,11.8,
EU27_2020,2013,T,gdp_pps_index,100.0,
EU27_2020,2013,T,tertiary_25_34,35.2,
EU27_2020,2013,T,unemployment_15_74,11.4,
EU27_2020,2014,F,early_leavers,9.4,b
EU27_2020,2014,F,tertiary_25_34,40.9,b
EU27_2020,2014,F,unemployment_15_74,11.1,
EU27_2020,2014,M,early_leavers,12.7,b
EU27_2020,2014,M,tertiary_25_34,30.9,b
EU27_2020,2014,M,unemployment_15_74,10.7,
EU27_2020,2014,T,early_childhood,90.8,d
EU27_2020,2014,T,early_leavers,11.1,b
EU27_2020,2014,T,gdp_pps_index,100.0,
EU27_2020,2014,T,tertiary_25_34,35.9,b
EU27_2020,2014,T,unemployment_15_74,10.9,
EU27_2020,2015,F,early_leavers,9.4,
EU27_2020,2015,F,tertiary_25_34,41.8,
EU27_2020,2015,F,unemployment_15_74,10.2,
EU27_2020,2015,M,early_leavers,12.5,
EU27_2020,2015,M,tertiary_25_34,31.2,
EU27_2020,2015,M,unemployment_15_74,9.9,
EU27_2020,2015,T,early_childhood,91.8,
EU27_2020,2015,T,early_leavers,11.0,
EU27_2020,2015,T,gdp_pps_index,100.0,
EU27_2020,2015,T,tertiary_25_34,36.5,
EU27_2020,2015,T,unemployment_15_74,10.1,
EU27_2020,2016,F,early_leavers,9.1,
EU27_2020,2016,F,tertiary_25_34,42.3,
EU27_2020,2016,F,unemployment_15_74,9.4,
EU27_2020,2016,M,early_leavers,12.1,
EU27_2020,2016,M,tertiary_25_34,31.5,
EU27_2020,2016,M,unemployment_15_74,8.9,
EU27_2020,2016,T,early_childhood,92.5,
EU27_2020,2016,T,early_leavers,10.6,
EU27_2020,2016,T,gdp_pps_index,100.0,
EU27_2020,2016,T,tertiary_25_34,36.8,
EU27_2020,2016,T,unemployment_15_74,9.1,
EU27_2020,2017,F,early_leavers,8.9,
EU27_2020,2017,F,tertiary_25_34,43.2,
EU27_2020,2017,F,unemployment_15_74,8.5,
EU27_2020,2017,M,early_leavers,12.1,
EU27_2020,2017,M,tertiary_25_34,32.2,
EU27_2020,2017,M,unemployment_15_74,7.9,
EU27_2020,2017,T,early_childhood,92.4,
EU27_2020,2017,T,early_leavers,10.5,
EU27_2020,2017,T,gdp_pps_index,100.0,
EU27_2020,2017,T,tertiary_25_34,37.6,
EU27_2020,2017,T,unemployment_15_74,8.2,
EU27_2020,2018,F,early_leavers,8.7,
EU27_2020,2018,F,tertiary_25_34,44.2,
EU27_2020,2018,F,unemployment_15_74,7.6,
EU27_2020,2018,M,early_leavers,12.1,
EU27_2020,2018,M,tertiary_25_34,33.3,
EU27_2020,2018,M,unemployment_15_74,7.0,
EU27_2020,2018,T,early_childhood,92.4,
EU27_2020,2018,T,early_leavers,10.5,
EU27_2020,2018,T,gdp_pps_index,100.0,
EU27_2020,2018,T,tertiary_25_34,38.7,
EU27_2020,2018,T,unemployment_15_74,7.3,
EU27_2020,2019,F,early_leavers,8.4,
EU27_2020,2019,F,tertiary_25_34,45.1,
EU27_2020,2019,F,unemployment_15_74,7.0,
EU27_2020,2019,M,early_leavers,11.8,
EU27_2020,2019,M,tertiary_25_34,34.3,
EU27_2020,2019,M,unemployment_15_74,6.4,
EU27_2020,2019,T,early_childhood,93.1,
EU27_2020,2019,T,early_leavers,10.1,
EU27_2020,2019,T,gdp_pps_index,100.0,
EU27_2020,2019,T,tertiary_25_34,39.6,
EU27_2020,2019,T,unemployment_15_74,6.7,
EU27_2020,2020,F,early_leavers,8.1,
EU27_2020,2020,F,tertiary_25_34,46.2,
EU27_2020,2020,F,unemployment_15_74,7.4,
EU27_2020,2020,M,early_leavers,11.9,
EU27_2020,2020,M,tertiary_25_34,35.3,
EU27_2020,2020,M,unemployment_15_74,6.8,
EU27_2020,2020,T,early_childhood,92.9,d
EU27_2020,2020,T,early_leavers,10.0,
EU27_2020,2020,T,gdp_pps_index,100.0,
EU27_2020,2020,T,tertiary_25_34,40.7,
EU27_2020,2020,T,unemployment_15_74,7.1,
EU27_2020,2021,F,early_leavers,7.9,b
EU27_2020,2021,F,tertiary_25_34,47.1,b
EU27_2020,2021,F,unemployment_15_74,7.4,b
EU27_2020,2021,M,early_leavers,11.5,b
EU27_2020,2021,M,tertiary_25_34,36.1,b
EU27_2020,2021,M,unemployment_15_74,6.8,b
EU27_2020,2021,T,early_childhood,92.0,
EU27_2020,2021,T,early_leavers,9.7,b
EU27_2020,2021,T,gdp_pps_index,100.0,
EU27_2020,2021,T,tertiary_25_34,41.5,b
EU27_2020,2021,T,unemployment_15_74,7.1,b
EU27_2020,2022,F,early_leavers,8.0,
EU27_2020,2022,F,tertiary_25_34,47.7,
EU27_2020,2022,F,unemployment_15_74,6.5,
EU27_2020,2022,M,early_leavers,11.1,
EU27_2020,2022,M,tertiary_25_34,36.5,
EU27_2020,2022,M,unemployment_15_74,5.9,
EU27_2020,2022,T,early_childhood,92.8,
EU27_2020,2022,T,early_leavers,9.6,
EU27_2020,2022,T,gdp_pps_index,100.0,
EU27_2020,2022,T,tertiary_25_34,42.0,
EU27_2020,2022,T,unemployment_15_74,6.2,
EU27_2020,2023,F,early_leavers,7.7,
EU27_2020,2023,F,tertiary_25_34,48.8,
EU27_2020,2023,F,unemployment_15_74,6.4,
EU27_2020,2023,M,early_leavers,11.3,
EU27_2020,2023,M,tertiary_25_34,37.5,
EU27_2020,2023,M,unemployment_15_74,5.8,
EU27_2020,2023,T,early_childhood,94.0,
EU27_2020,2023,T,early_leavers,9.6,
EU27_2020,2023,T,gdp_pps_index,100.0,
EU27_2020,2023,T,tertiary_25_34,43.1,
EU27_2020,2023,T,unemployment_15_74,6.1,
EU27_2020,2024,F,early_leavers,7.9,
EU27_2020,2024,F,tertiary_25_34,49.6,
EU27_2020,2024,F,unemployment_15_74,6.2,
EU27_2020,2024,M,early_leavers,11.2,
EU27_2020,2024,M,tertiary_25_34,38.3,
EU27_2020,2024,M,unemployment_15_74,5.8,
EU27_2020,2024,T,early_childhood,94.4,
EU27_2020,2024,T,early_leavers,9.6,
EU27_2020,2024,T,gdp_pps_index,100.0,
EU27_2020,2024,T,tertiary_25_34,43.9,
EU27_2020,2024,T,unemployment_15_74,6.0,
EU27_2020,2025,F,early_leavers,7.5,
EU27_2020,2025,F,tertiary_25_34,50.5,
EU27_2020,2025,F,unemployment_15_74,6.2,
EU27_2020,2025,M,early_leavers,10.6,
EU27_2020,2025,M,tertiary_25_34,39.3,
EU27_2020,2025,M,unemployment_15_74,5.8,
EU27_2020,2025,T,early_leavers,9.1,
EU27_2020,2025,T,tertiary_25_34,44.8,
EU27_2020,2025,T,unemployment_15_74,6.0,
IT,2013,F,early_leavers,13.6,
IT,2013,F,tertiary_25_34,28.0,
IT,2013,F,unemployment_15_74,13.1,
IT,2013,M,early_leavers,20.0,
IT,2013,M,tertiary_25_34,17.8,
IT,2013,M,unemployment_15_74,11.5,
IT,2013,T,early_leavers,16.8,
IT,2013,T,gdp_pps_index,100.0,
IT,2013,T,tertiary_25_34,22.9,
IT,2013,T,unemployment_15_74,12.2,
IT,2014,F,early_leavers,12.2,b
IT,2014,F,tertiary_25_34,29.8,b
IT,2014,F,unemployment_15_74,13.8,
IT,2014,M,early_leavers,17.7,b
IT,2014,M,tertiary_25_34,18.6,b
IT,2014,M,unemployment_15_74,11.9,
IT,2014,T,early_childhood,95.1,
IT,2014,T,early_leavers,15.0,b
IT,2014,T,gdp_pps_index,98.0,
IT,2014,T,tertiary_25_34,24.2,b
IT,2014,T,unemployment_15_74,12.7,
IT,2015,F,early_leavers,11.8,
IT,2015,F,tertiary_25_34,31.0,
IT,2015,F,unemployment_15_74,12.7,
IT,2015,M,early_leavers,17.5,
IT,2015,M,tertiary_25_34,19.4,
IT,2015,M,unemployment_15_74,11.4,
IT,2015,T,early_childhood,94.9,
IT,2015,T,early_leavers,14.7,
IT,2015,T,gdp_pps_index,97.0,
IT,2015,T,tertiary_25_34,25.2,
IT,2015,T,unemployment_15_74,11.9,
IT,2016,F,early_leavers,11.3,
IT,2016,F,tertiary_25_34,31.7,
IT,2016,F,unemployment_15_74,12.8,
IT,2016,M,early_leavers,16.1,
IT,2016,M,tertiary_25_34,19.5,
IT,2016,M,unemployment_15_74,10.9,
IT,2016,T,early_childhood,94.9,
IT,2016,T,early_leavers,13.8,
IT,2016,T,gdp_pps_index,99.0,
IT,2016,T,tertiary_25_34,25.6,
IT,2016,T,unemployment_15_74,11.7,
IT,2017,F,early_leavers,11.2,
IT,2017,F,tertiary_25_34,33.5,
IT,2017,F,unemployment_15_74,12.4,
IT,2017,M,early_leavers,16.6,
IT,2017,M,tertiary_25_34,20.4,
IT,2017,M,unemployment_15_74,10.4,
IT,2017,T,early_childhood,93.9,
IT,2017,T,early_leavers,14.0,
IT,2017,T,gdp_pps_index,98.0,
IT,2017,T,tertiary_25_34,26.9,
IT,2017,T,unemployment_15_74,11.2,
IT,2018,F,early_leavers,12.1,b
IT,2018,F,tertiary_25_34,34.2,b
IT,2018,F,unemployment_15_74,11.7,b
IT,2018,M,early_leavers,16.3,b
IT,2018,M,tertiary_25_34,21.6,b
IT,2018,M,unemployment_15_74,9.7,b
IT,2018,T,early_childhood,93.6,
IT,2018,T,early_leavers,14.3,b
IT,2018,T,gdp_pps_index,96.0,
IT,2018,T,tertiary_25_34,27.9,b
IT,2018,T,unemployment_15_74,10.6,b
IT,2019,F,early_leavers,11.3,
IT,2019,F,tertiary_25_34,34.1,
IT,2019,F,unemployment_15_74,11.0,
IT,2019,M,early_leavers,15.2,
IT,2019,M,tertiary_25_34,21.9,
IT,2019,M,unemployment_15_74,9.1,
IT,2019,T,early_childhood,94.8,b
IT,2019,T,early_leavers,13.3,
IT,2019,T,gdp_pps_index,96.0,
IT,2019,T,tertiary_25_34,27.9,
IT,2019,T,unemployment_15_74,9.9,
IT,2020,F,early_leavers,11.3,
IT,2020,F,tertiary_25_34,34.8,
IT,2020,F,unemployment_15_74,10.2,
IT,2020,M,early_leavers,16.9,
IT,2020,M,tertiary_25_34,22.6,
IT,2020,M,unemployment_15_74,8.5,
IT,2020,T,early_childhood,94.6,
IT,2020,T,early_leavers,14.2,
IT,2020,T,gdp_pps_index,93.0,
IT,2020,T,tertiary_25_34,28.6,
IT,2020,T,unemployment_15_74,9.2,
IT,2021,F,early_leavers,10.5,b
IT,2021,F,tertiary_25_34,34.4,b
IT,2021,F,unemployment_15_74,10.6,b
IT,2021,M,early_leavers,14.8,b
IT,2021,M,tertiary_25_34,22.3,b
IT,2021,M,unemployment_15_74,8.7,b
IT,2021,T,early_childhood,91.0,
IT,2021,T,early_leavers,12.7,b
IT,2021,T,gdp_pps_index,96.0,
IT,2021,T,tertiary_25_34,28.3,b
IT,2021,T,unemployment_15_74,9.5,b
IT,2022,F,early_leavers,9.1,
IT,2022,F,tertiary_25_34,35.5,
IT,2022,F,unemployment_15_74,9.4,
IT,2022,M,early_leavers,13.6,
IT,2022,M,tertiary_25_34,23.1,
IT,2022,M,unemployment_15_74,7.1,
IT,2022,T,early_childhood,92.7,
IT,2022,T,early_leavers,11.5,
IT,2022,T,gdp_pps_index,98.0,
IT,2022,T,tertiary_25_34,29.2,
IT,2022,T,unemployment_15_74,8.1,
IT,2023,F,early_leavers,7.6,
IT,2023,F,tertiary_25_34,37.1,
IT,2023,F,unemployment_15_74,8.8,
IT,2023,M,early_leavers,13.1,
IT,2023,M,tertiary_25_34,24.4,
IT,2023,M,unemployment_15_74,6.8,
IT,2023,T,early_childhood,93.5,
IT,2023,T,early_leavers,10.5,
IT,2023,T,gdp_pps_index,98.0,
IT,2023,T,tertiary_25_34,30.6,
IT,2023,T,unemployment_15_74,7.7,
IT,2024,F,early_leavers,7.1,
IT,2024,F,tertiary_25_34,38.5,
IT,2024,F,unemployment_15_74,7.3,
IT,2024,M,early_leavers,12.2,
IT,2024,M,tertiary_25_34,25.0,
IT,2024,M,unemployment_15_74,5.9,
IT,2024,T,early_childhood,94.0,
IT,2024,T,early_leavers,9.8,
IT,2024,T,gdp_pps_index,98.0,
IT,2024,T,tertiary_25_34,31.6,
IT,2024,T,unemployment_15_74,6.5,
IT,2025,F,early_leavers,6.2,
IT,2025,F,tertiary_25_34,37.8,
IT,2025,F,unemployment_15_74,6.8,
IT,2025,M,early_leavers,10.1,
IT,2025,M,tertiary_25_34,24.7,
IT,2025,M,unemployment_15_74,5.7,
IT,2025,T,early_leavers,8.2,
IT,2025,T,tertiary_25_34,31.1,
IT,2025,T,unemployment_15_74,6.1,
ITF1,2013,F,early_leavers,6.2,
ITF1,2013,F,tertiary_25_34,31.6,
ITF1,2013,F,unemployment_15_74,11.6,
ITF1,2013,M,early_leavers,15.2,
ITF1,2013,M,tertiary_25_34,17.4,
ITF1,2013,M,unemployment_15_74,11.1,
ITF1,2013,T,early_leavers,10.8,
ITF1,2013,T,gdp_pps_index,88.0,
ITF1,2013,T,tertiary_25_34,24.4,
ITF1,2013,T,unemployment_15_74,11.3,
ITF1,2014,F,early_leavers,4.8,bu
ITF1,2014,F,tertiary_25_34,33.0,b
ITF1,2014,F,unemployment_15_74,14.9,
ITF1,2014,M,early_leavers,14.1,b
ITF1,2014,M,tertiary_25_34,17.0,b
ITF1,2014,M,unemployment_15_74,11.0,
ITF1,2014,T,early_childhood,98.8,
ITF1,2014,T,early_leavers,9.6,b
ITF1,2014,T,gdp_pps_index,86.0,
ITF1,2014,T,tertiary_25_34,24.9,b
ITF1,2014,T,unemployment_15_74,12.6,
ITF1,2015,F,early_leavers,4.8,u
ITF1,2015,F,tertiary_25_34,35.1,
ITF1,2015,F,unemployment_15_74,15.5,
ITF1,2015,M,early_leavers,23.2,
ITF1,2015,M,tertiary_25_34,19.9,
ITF1,2015,M,unemployment_15_74,10.7,
ITF1,2015,T,early_childhood,98.2,
ITF1,2015,T,early_leavers,14.2,
ITF1,2015,T,gdp_pps_index,84.0,
ITF1,2015,T,tertiary_25_34,27.4,
ITF1,2015,T,unemployment_15_74,12.6,
ITF1,2016,F,early_leavers,7.4,
ITF1,2016,F,tertiary_25_34,34.3,
ITF1,2016,F,unemployment_15_74,15.3,
ITF1,2016,M,early_leavers,17.1,
ITF1,2016,M,tertiary_25_34,18.4,
ITF1,2016,M,unemployment_15_74,9.9,
ITF1,2016,T,early_childhood,98.1,
ITF1,2016,T,early_leavers,12.4,
ITF1,2016,T,gdp_pps_index,84.0,
ITF1,2016,T,tertiary_25_34,26.3,
ITF1,2016,T,unemployment_15_74,12.1,
ITF1,2017,F,early_leavers,7.7,
ITF1,2017,F,tertiary_25_34,32.8,
ITF1,2017,F,unemployment_15_74,15.3,
ITF1,2017,M,early_leavers,7.1,
ITF1,2017,M,tertiary_25_34,16.3,
ITF1,2017,M,unemployment_15_74,9.2,
ITF1,2017,T,early_childhood,96.7,
ITF1,2017,T,early_leavers,7.4,
ITF1,2017,T,gdp_pps_index,84.0,
ITF1,2017,T,tertiary_25_34,24.5,
ITF1,2017,T,unemployment_15_74,11.7,
ITF1,2018,F,early_leavers,6.5,b
ITF1,2018,F,tertiary_25_34,31.8,b
ITF1,2018,F,unemployment_15_74,14.6,b
ITF1,2018,M,early_leavers,10.3,b
ITF1,2018,M,tertiary_25_34,16.2,b
ITF1,2018,M,unemployment_15_74,8.1,b
ITF1,2018,T,early_childhood,97.1,
ITF1,2018,T,early_leavers,8.4,b
ITF1,2018,T,gdp_pps_index,82.0,
ITF1,2018,T,tertiary_25_34,23.8,b
ITF1,2018,T,unemployment_15_74,10.8,b
ITF1,2019,F,early_leavers,4.3,u
ITF1,2019,F,tertiary_25_34,34.8,
ITF1,2019,F,unemployment_15_74,13.3,
ITF1,2019,M,early_leavers,15.1,
ITF1,2019,M,tertiary_25_34,17.3,
ITF1,2019,M,unemployment_15_74,9.5,
ITF1,2019,T,early_childhood,97.5,b
ITF1,2019,T,early_leavers,9.9,
ITF1,2019,T,gdp_pps_index,81.0,
ITF1,2019,T,tertiary_25_34,25.9,
ITF1,2019,T,unemployment_15_74,11.1,
ITF1,2020,F,early_leavers,4.8,u
ITF1,2020,F,tertiary_25_34,36.3,
ITF1,2020,F,unemployment_15_74,12.6,
ITF1,2020,M,early_leavers,15.1,
ITF1,2020,M,tertiary_25_34,24.5,
ITF1,2020,M,unemployment_15_74,7.4,
ITF1,2020,T,early_childhood,97.3,
ITF1,2020,T,early_leavers,10.1,
ITF1,2020,T,gdp_pps_index,79.0,
ITF1,2020,T,tertiary_25_34,30.3,
ITF1,2020,T,unemployment_15_74,9.6,
ITF1,2021,F,early_leavers,4.1,bu
ITF1,2021,F,tertiary_25_34,39.4,b
ITF1,2021,F,unemployment_15_74,12.2,b
ITF1,2021,M,early_leavers,11.6,b
ITF1,2021,M,tertiary_25_34,21.4,b
ITF1,2021,M,unemployment_15_74,7.4,b
ITF1,2021,T,early_childhood,95.1,
ITF1,2021,T,early_leavers,8.0,b
ITF1,2021,T,gdp_pps_index,81.0,
ITF1,2021,T,tertiary_25_34,30.2,b
ITF1,2021,T,unemployment_15_74,9.3,b
ITF1,2022,F,early_leavers,6.6,u
ITF1,2022,F,tertiary_25_34,39.7,
ITF1,2022,F,unemployment_15_74,12.9,
ITF1,2022,M,early_leavers,11.8,
ITF1,2022,M,tertiary_25_34,21.5,
ITF1,2022,M,unemployment_15_74,6.9,
ITF1,2022,T,early_childhood,95.9,
ITF1,2022,T,early_leavers,9.3,
ITF1,2022,T,gdp_pps_index,83.0,
ITF1,2022,T,tertiary_25_34,30.4,
ITF1,2022,T,unemployment_15_74,9.4,
ITF1,2023,F,early_leavers,4.4,u
ITF1,2023,F,tertiary_25_34,37.6,
ITF1,2023,F,unemployment_15_74,8.8,
ITF1,2023,M,early_leavers,13.4,
ITF1,2023,M,tertiary_25_34,21.0,
ITF1,2023,M,unemployment_15_74,7.5,
ITF1,2023,T,early_childhood,97.3,
ITF1,2023,T,early_leavers,9.1,
ITF1,2023,T,gdp_pps_index,84.0,
ITF1,2023,T,tertiary_25_34,29.1,
ITF1,2023,T,unemployment_15_74,8.1,
ITF1,2024,F,early_leavers,,u
ITF1,2024,F,tertiary_25_34,38.0,
ITF1,2024,F,unemployment_15_74,7.7,
ITF1,2024,M,early_leavers,12.1,
ITF1,2024,M,tertiary_25_34,27.4,
ITF1,2024,M,unemployment_15_74,6.6,
ITF1,2024,T,early_childhood,96.8,
ITF1,2024,T,early_leavers,7.9,
ITF1,2024,T,gdp_pps_index,84.0,
ITF1,2024,T,tertiary_25_34,32.5,
ITF1,2024,T,unemployment_15_74,7.1,
ITF1,2025,F,early_leavers,4.3,u
ITF1,2025,F,tertiary_25_34,38.5,
ITF1,2025,F,unemployment_15_74,7.1,
ITF1,2025,M,early_leavers,6.2,u
ITF1,2025,M,tertiary_25_34,26.9,
ITF1,2025,M,unemployment_15_74,6.2,
ITF1,2025,T,early_leavers,5.3,
ITF1,2025,T,tertiary_25_34,32.5,
ITF1,2025,T,unemployment_15_74,6.5,
ITH5,2013,F,early_leavers,12.3,
ITH5,2013,F,tertiary_25_34,32.5,
ITH5,2013,F,unemployment_15_74,9.7,
ITH5,2013,M,early_leavers,17.8,
ITH5,2013,M,tertiary_25_34,20.4,
ITH5,2013,M,unemployment_15_74,7.3,
ITH5,2013,T,early_leavers,15.1,
ITH5,2013,T,gdp_pps_index,121.0,
ITH5,2013,T,tertiary_25_34,26.5,
ITH5,2013,T,unemployment_15_74,8.4,
ITH5,2014,F,early_leavers,10.6,b
ITH5,2014,F,tertiary_25_34,30.9,b
ITH5,2014,F,unemployment_15_74,9.5,
ITH5,2014,M,early_leavers,15.6,b
ITH5,2014,M,tertiary_25_34,19.7,b
ITH5,2014,M,unemployment_15_74,7.4,
ITH5,2014,T,early_childhood,90.3,
ITH5,2014,T,early_leavers,13.2,b
ITH5,2014,T,gdp_pps_index,119.0,
ITH5,2014,T,tertiary_25_34,25.3,b
ITH5,2014,T,unemployment_15_74,8.4,
ITH5,2015,F,early_leavers,10.0,
ITH5,2015,F,tertiary_25_34,33.6,
ITH5,2015,F,unemployment_15_74,9.1,
ITH5,2015,M,early_leavers,16.4,
ITH5,2015,M,tertiary_25_34,23.8,
ITH5,2015,M,unemployment_15_74,6.6,
ITH5,2015,T,early_childhood,90.4,
ITH5,2015,T,early_leavers,13.3,
ITH5,2015,T,gdp_pps_index,118.0,
ITH5,2015,T,tertiary_25_34,28.7,
ITH5,2015,T,unemployment_15_74,7.8,
ITH5,2016,F,early_leavers,9.8,
ITH5,2016,F,tertiary_25_34,34.7,
ITH5,2016,F,unemployment_15_74,8.1,
ITH5,2016,M,early_leavers,12.6,
ITH5,2016,M,tertiary_25_34,23.7,
ITH5,2016,M,unemployment_15_74,6.1,
ITH5,2016,T,early_childhood,90.7,
ITH5,2016,T,early_leavers,11.3,
ITH5,2016,T,gdp_pps_index,121.0,
ITH5,2016,T,tertiary_25_34,29.2,
ITH5,2016,T,unemployment_15_74,7.0,
ITH5,2017,F,early_leavers,8.7,
ITH5,2017,F,tertiary_25_34,35.9,
ITH5,2017,F,unemployment_15_74,8.0,
ITH5,2017,M,early_leavers,11.1,
ITH5,2017,M,tertiary_25_34,25.2,
ITH5,2017,M,unemployment_15_74,5.4,
ITH5,2017,T,early_childhood,91.4,
ITH5,2017,T,early_leavers,9.9,
ITH5,2017,T,gdp_pps_index,119.0,
ITH5,2017,T,tertiary_25_34,30.6,
ITH5,2017,T,unemployment_15_74,6.6,
ITH5,2018,F,early_leavers,8.9,b
ITH5,2018,F,tertiary_25_34,39.8,b
ITH5,2018,F,unemployment_15_74,7.3,b
ITH5,2018,M,early_leavers,12.5,b
ITH5,2018,M,tertiary_25_34,28.3,b
ITH5,2018,M,unemployment_15_74,4.6,b
ITH5,2018,T,early_childhood,91.6,
ITH5,2018,T,early_leavers,10.8,b
ITH5,2018,T,gdp_pps_index,118.0,
ITH5,2018,T,tertiary_25_34,34.1,b
ITH5,2018,T,unemployment_15_74,5.8,b
ITH5,2019,F,early_leavers,8.2,
ITH5,2019,F,tertiary_25_34,40.8,
ITH5,2019,F,unemployment_15_74,6.6,
ITH5,2019,M,early_leavers,13.8,
ITH5,2019,M,tertiary_25_34,27.0,
ITH5,2019,M,unemployment_15_74,4.6,
ITH5,2019,T,early_childhood,92.1,b
ITH5,2019,T,early_leavers,11.1,
ITH5,2019,T,gdp_pps_index,116.0,
ITH5,2019,T,tertiary_25_34,33.9,
ITH5,2019,T,unemployment_15_74,5.5,
ITH5,2020,F,early_leavers,8.7,
ITH5,2020,F,tertiary_25_34,40.2,
ITH5,2020,F,unemployment_15_74,6.9,
ITH5,2020,M,early_leavers,11.3,
ITH5,2020,M,tertiary_25_34,27.3,
ITH5,2020,M,unemployment_15_74,4.9,
ITH5,2020,T,early_childhood,92.1,
ITH5,2020,T,early_leavers,10.1,
ITH5,2020,T,gdp_pps_index,113.0,
ITH5,2020,T,tertiary_25_34,33.7,
ITH5,2020,T,unemployment_15_74,5.8,
ITH5,2021,F,early_leavers,8.5,b
ITH5,2021,F,tertiary_25_34,42.2,b
ITH5,2021,F,unemployment_15_74,7.2,b
ITH5,2021,M,early_leavers,11.2,b
ITH5,2021,M,tertiary_25_34,26.1,b
ITH5,2021,M,unemployment_15_74,4.0,b
ITH5,2021,T,early_childhood,89.3,
ITH5,2021,T,early_leavers,9.9,b
ITH5,2021,T,gdp_pps_index,117.0,
ITH5,2021,T,tertiary_25_34,34.1,b
ITH5,2021,T,unemployment_15_74,5.5,b
ITH5,2022,F,early_leavers,8.4,
ITH5,2022,F,tertiary_25_34,39.9,
ITH5,2022,F,unemployment_15_74,6.2,
ITH5,2022,M,early_leavers,10.5,
ITH5,2022,M,tertiary_25_34,24.7,
ITH5,2022,M,unemployment_15_74,4.1,
ITH5,2022,T,early_childhood,91.1,
ITH5,2022,T,early_leavers,9.5,
ITH5,2022,T,gdp_pps_index,118.0,
ITH5,2022,T,tertiary_25_34,32.1,
ITH5,2022,T,unemployment_15_74,5.0,
ITH5,2023,F,early_leavers,6.9,
ITH5,2023,F,tertiary_25_34,41.9,
ITH5,2023,F,unemployment_15_74,6.2,
ITH5,2023,M,early_leavers,7.7,
ITH5,2023,M,tertiary_25_34,24.3,
ITH5,2023,M,unemployment_15_74,3.9,
ITH5,2023,T,early_childhood,92.5,
ITH5,2023,T,early_leavers,7.3,
ITH5,2023,T,gdp_pps_index,118.0,
ITH5,2023,T,tertiary_25_34,32.9,
ITH5,2023,T,unemployment_15_74,5.0,
ITH5,2024,F,early_leavers,7.0,
ITH5,2024,F,tertiary_25_34,44.9,
ITH5,2024,F,unemployment_15_74,5.4,
ITH5,2024,M,early_leavers,8.8,
ITH5,2024,M,tertiary_25_34,29.5,
ITH5,2024,M,unemployment_15_74,3.4,
ITH5,2024,T,early_childhood,92.8,
ITH5,2024,T,early_leavers,7.9,
ITH5,2024,T,gdp_pps_index,117.0,
ITH5,2024,T,tertiary_25_34,36.9,
ITH5,2024,T,unemployment_15_74,4.3,
ITH5,2025,F,early_leavers,5.1,
ITH5,2025,F,tertiary_25_34,42.1,
ITH5,2025,F,unemployment_15_74,4.7,
ITH5,2025,M,early_leavers,6.9,
ITH5,2025,M,tertiary_25_34,30.7,
ITH5,2025,M,unemployment_15_74,3.6,
ITH5,2025,T,early_leavers,6.0,
ITH5,2025,T,tertiary_25_34,36.2,
ITH5,2025,T,unemployment_15_74,4.1,
ITI1,2013,F,early_leavers,11.9,
ITI1,2013,F,tertiary_25_34,27.7,
ITI1,2013,F,unemployment_15_74,10.1,
ITI1,2013,M,early_leavers,20.3,
ITI1,2013,M,tertiary_25_34,17.2,
ITI1,2013,M,unemployment_15_74,7.5,
ITI1,2013,T,early_leavers,16.2,
ITI1,2013,T,gdp_pps_index,106.0,
ITI1,2013,T,tertiary_25_34,22.5,
ITI1,2013,T,unemployment_15_74,8.7,
ITI1,2014,F,early_leavers,10.8,b
ITI1,2014,F,tertiary_25_34,30.2,b
ITI1,2014,F,unemployment_15_74,11.9,
ITI1,2014,M,early_leavers,16.7,b
ITI1,2014,M,tertiary_25_34,18.4,b
ITI1,2014,M,unemployment_15_74,8.7,
ITI1,2014,T,early_childhood,93.7,
ITI1,2014,T,early_leavers,13.8,b
ITI1,2014,T,gdp_pps_index,105.0,
ITI1,2014,T,tertiary_25_34,24.3,b
ITI1,2014,T,unemployment_15_74,10.1,
ITI1,2015,F,early_leavers,10.0,
ITI1,2015,F,tertiary_25_34,33.9,
ITI1,2015,F,unemployment_15_74,9.8,
ITI1,2015,M,early_leavers,16.6,
ITI1,2015,M,tertiary_25_34,22.8,
ITI1,2015,M,unemployment_15_74,8.8,
ITI1,2015,T,early_childhood,93.5,
ITI1,2015,T,early_leavers,13.4,
ITI1,2015,T,gdp_pps_index,103.0,
ITI1,2015,T,tertiary_25_34,28.4,
ITI1,2015,T,unemployment_15_74,9.2,
ITI1,2016,F,early_leavers,8.7,
ITI1,2016,F,tertiary_25_34,34.4,
ITI1,2016,F,unemployment_15_74,10.9,
ITI1,2016,M,early_leavers,14.2,
ITI1,2016,M,tertiary_25_34,23.5,
ITI1,2016,M,unemployment_15_74,8.4,
ITI1,2016,T,early_childhood,94.1,
ITI1,2016,T,early_leavers,11.5,
ITI1,2016,T,gdp_pps_index,105.0,
ITI1,2016,T,tertiary_25_34,29.0,
ITI1,2016,T,unemployment_15_74,9.5,
ITI1,2017,F,early_leavers,8.6,
ITI1,2017,F,tertiary_25_34,33.0,
ITI1,2017,F,unemployment_15_74,9.5,
ITI1,2017,M,early_leavers,13.0,
ITI1,2017,M,tertiary_25_34,23.7,
ITI1,2017,M,unemployment_15_74,7.9,
ITI1,2017,T,early_childhood,94.1,
ITI1,2017,T,early_leavers,10.9,
ITI1,2017,T,gdp_pps_index,104.0,
ITI1,2017,T,tertiary_25_34,28.3,
ITI1,2017,T,unemployment_15_74,8.6,
ITI1,2018,F,early_leavers,9.5,b
ITI1,2018,F,tertiary_25_34,33.0,b
ITI1,2018,F,unemployment_15_74,8.4,b
ITI1,2018,M,early_leavers,11.1,b
ITI1,2018,M,tertiary_25_34,25.1,b
ITI1,2018,M,unemployment_15_74,6.3,b
ITI1,2018,T,early_childhood,94.2,
ITI1,2018,T,early_leavers,10.3,b
ITI1,2018,T,gdp_pps_index,103.0,
ITI1,2018,T,tertiary_25_34,29.0,b
ITI1,2018,T,unemployment_15_74,7.3,b
ITI1,2019,F,early_leavers,8.1,
ITI1,2019,F,tertiary_25_34,33.2,
ITI1,2019,F,unemployment_15_74,7.7,
ITI1,2019,M,early_leavers,12.0,
ITI1,2019,M,tertiary_25_34,23.6,
ITI1,2019,M,unemployment_15_74,5.9,
ITI1,2019,T,early_childhood,95.9,b
ITI1,2019,T,early_leavers,10.1,
ITI1,2019,T,gdp_pps_index,105.0,
ITI1,2019,T,tertiary_25_34,28.4,
ITI1,2019,T,unemployment_15_74,6.7,
ITI1,2020,F,early_leavers,10.6,
ITI1,2020,F,tertiary_25_34,33.7,
ITI1,2020,F,unemployment_15_74,7.9,
ITI1,2020,M,early_leavers,14.9,
ITI1,2020,M,tertiary_25_34,22.8,
ITI1,2020,M,unemployment_15_74,5.8,
ITI1,2020,T,early_childhood,95.1,
ITI1,2020,T,early_leavers,12.9,
ITI1,2020,T,gdp_pps_index,97.0,
ITI1,2020,T,tertiary_25_34,28.2,
ITI1,2020,T,unemployment_15_74,6.7,
ITI1,2021,F,early_leavers,9.4,b
ITI1,2021,F,tertiary_25_34,34.0,b
ITI1,2021,F,unemployment_15_74,9.3,b
ITI1,2021,M,early_leavers,12.7,b
ITI1,2021,M,tertiary_25_34,24.5,b
ITI1,2021,M,unemployment_15_74,6.1,b
ITI1,2021,T,early_childhood,91.9,
ITI1,2021,T,early_leavers,11.1,b
ITI1,2021,T,gdp_pps_index,100.0,
ITI1,2021,T,tertiary_25_34,29.2,b
ITI1,2021,T,unemployment_15_74,7.5,b
ITI1,2022,F,early_leavers,6.1,
ITI1,2022,F,tertiary_25_34,37.6,
ITI1,2022,F,unemployment_15_74,7.1,
ITI1,2022,M,early_leavers,15.0,
ITI1,2022,M,tertiary_25_34,25.8,
ITI1,2022,M,unemployment_15_74,5.2,
ITI1,2022,T,early_childhood,92.9,
ITI1,2022,T,early_leavers,10.7,
ITI1,2022,T,gdp_pps_index,103.0,
ITI1,2022,T,tertiary_25_34,31.6,
ITI1,2022,T,unemployment_15_74,6.0,
ITI1,2023,F,early_leavers,5.3,
ITI1,2023,F,tertiary_25_34,39.0,
ITI1,2023,F,unemployment_15_74,6.3,
ITI1,2023,M,early_leavers,12.9,
ITI1,2023,M,tertiary_25_34,23.8,
ITI1,2023,M,unemployment_15_74,4.4,
ITI1,2023,T,early_childhood,94.1,
ITI1,2023,T,early_leavers,9.3,
ITI1,2023,T,gdp_pps_index,103.0,
ITI1,2023,T,tertiary_25_34,31.3,
ITI1,2023,T,unemployment_15_74,5.3,
ITI1,2024,F,early_leavers,4.9,
ITI1,2024,F,tertiary_25_34,38.9,
ITI1,2024,F,unemployment_15_74,5.1,
ITI1,2024,M,early_leavers,12.5,
ITI1,2024,M,tertiary_25_34,25.8,
ITI1,2024,M,unemployment_15_74,3.1,
ITI1,2024,T,early_childhood,94.9,
ITI1,2024,T,early_leavers,8.8,
ITI1,2024,T,gdp_pps_index,103.0,
ITI1,2024,T,tertiary_25_34,32.2,
ITI1,2024,T,unemployment_15_74,4.0,
ITI1,2025,F,early_leavers,8.0,
ITI1,2025,F,tertiary_25_34,37.6,
ITI1,2025,F,unemployment_15_74,5.0,
ITI1,2025,M,early_leavers,11.5,
ITI1,2025,M,tertiary_25_34,24.3,
ITI1,2025,M,unemployment_15_74,3.7,
ITI1,2025,T,early_leavers,9.8,
ITI1,2025,T,tertiary_25_34,30.8,
ITI1,2025,T,unemployment_15_74,4.3,
ITI2,2013,F,early_leavers,11.9,
ITI2,2013,F,tertiary_25_34,36.0,
ITI2,2013,F,unemployment_15_74,11.5,
ITI2,2013,M,early_leavers,11.1,
ITI2,2013,M,tertiary_25_34,19.7,
ITI2,2013,M,unemployment_15_74,9.4,
ITI2,2013,T,early_leavers,11.5,
ITI2,2013,T,gdp_pps_index,89.0,
ITI2,2013,T,tertiary_25_34,27.9,
ITI2,2013,T,unemployment_15_74,10.3,
ITI2,2014,F,early_leavers,9.3,b
ITI2,2014,F,tertiary_25_34,37.0,b
ITI2,2014,F,unemployment_15_74,12.6,
ITI2,2014,M,early_leavers,8.8,b
ITI2,2014,M,tertiary_25_34,20.4,b
ITI2,2014,M,unemployment_15_74,10.3,
ITI2,2014,T,early_childhood,96.2,
ITI2,2014,T,early_leavers,9.1,b
ITI2,2014,T,gdp_pps_index,85.0,
ITI2,2014,T,tertiary_25_34,28.8,b
ITI2,2014,T,unemployment_15_74,11.3,
ITI2,2015,F,early_leavers,8.1,u
ITI2,2015,F,tertiary_25_34,34.3,
ITI2,2015,F,unemployment_15_74,12.2,
ITI2,2015,M,early_leavers,8.1,u
ITI2,2015,M,tertiary_25_34,22.9,
ITI2,2015,M,unemployment_15_74,9.0,
ITI2,2015,T,early_childhood,95.6,
ITI2,2015,T,early_leavers,8.1,
ITI2,2015,T,gdp_pps_index,85.0,
ITI2,2015,T,tertiary_25_34,28.6,
ITI2,2015,T,unemployment_15_74,10.5,
ITI2,2016,F,early_leavers,5.8,u
ITI2,2016,F,tertiary_25_34,37.6,
ITI2,2016,F,unemployment_15_74,10.6,
ITI2,2016,M,early_leavers,7.6,u
ITI2,2016,M,tertiary_25_34,20.9,
ITI2,2016,M,unemployment_15_74,8.8,
ITI2,2016,T,early_childhood,96.2,
ITI2,2016,T,early_leavers,6.7,
ITI2,2016,T,gdp_pps_index,85.0,
ITI2,2016,T,tertiary_25_34,29.3,
ITI2,2016,T,unemployment_15_74,9.6,
ITI2,2017,F,early_leavers,8.5,u
ITI2,2017,F,tertiary_25_34,36.5,
ITI2,2017,F,unemployment_15_74,11.8,
ITI2,2017,M,early_leavers,10.0,
ITI2,2017,M,tertiary_25_34,19.3,
ITI2,2017,M,unemployment_15_74,9.6,
ITI2,2017,T,early_childhood,95.5,
ITI2,2017,T,early_leavers,9.3,
ITI2,2017,T,gdp_pps_index,84.0,
ITI2,2017,T,tertiary_25_34,27.9,
ITI2,2017,T,unemployment_15_74,10.6,
ITI2,2018,F,early_leavers,7.0,bu
ITI2,2018,F,tertiary_25_34,33.4,b
ITI2,2018,F,unemployment_15_74,11.0,b
ITI2,2018,M,early_leavers,9.5,b
ITI2,2018,M,tertiary_25_34,23.3,b
ITI2,2018,M,unemployment_15_74,7.7,b
ITI2,2018,T,early_childhood,95.4,
ITI2,2018,T,early_leavers,8.3,b
ITI2,2018,T,gdp_pps_index,84.0,
ITI2,2018,T,tertiary_25_34,28.4,b
ITI2,2018,T,unemployment_15_74,9.2,b
ITI2,2019,F,early_leavers,8.2,u
ITI2,2019,F,tertiary_25_34,38.7,
ITI2,2019,F,unemployment_15_74,10.0,
ITI2,2019,M,early_leavers,10.3,
ITI2,2019,M,tertiary_25_34,23.9,
ITI2,2019,M,unemployment_15_74,7.2,
ITI2,2019,T,early_childhood,97.0,b
ITI2,2019,T,early_leavers,9.3,
ITI2,2019,T,gdp_pps_index,83.0,
ITI2,2019,T,tertiary_25_34,31.2,
ITI2,2019,T,unemployment_15_74,8.4,
ITI2,2020,F,early_leavers,12.7,
ITI2,2020,F,tertiary_25_34,45.9,
ITI2,2020,F,unemployment_15_74,9.5,
ITI2,2020,M,early_leavers,12.5,
ITI2,2020,M,tertiary_25_34,23.7,
ITI2,2020,M,unemployment_15_74,7.1,
ITI2,2020,T,early_childhood,97.1,
ITI2,2020,T,early_leavers,12.6,
ITI2,2020,T,gdp_pps_index,80.0,
ITI2,2020,T,tertiary_25_34,34.7,
ITI2,2020,T,unemployment_15_74,8.2,
ITI2,2021,F,early_leavers,12.4,bu
ITI2,2021,F,tertiary_25_34,44.6,b
ITI2,2021,F,unemployment_15_74,7.5,b
ITI2,2021,M,early_leavers,11.6,bu
ITI2,2021,M,tertiary_25_34,23.1,b
ITI2,2021,M,unemployment_15_74,5.9,b
ITI2,2021,T,early_childhood,94.1,
ITI2,2021,T,early_leavers,12.0,b
ITI2,2021,T,gdp_pps_index,82.0,
ITI2,2021,T,tertiary_25_34,33.7,b
ITI2,2021,T,unemployment_15_74,6.6,b
ITI2,2022,F,early_leavers,,u
ITI2,2022,F,tertiary_25_34,39.4,
ITI2,2022,F,unemployment_15_74,8.1,
ITI2,2022,M,early_leavers,10.0,u
ITI2,2022,M,tertiary_25_34,29.4,
ITI2,2022,M,unemployment_15_74,6.4,
ITI2,2022,T,early_childhood,95.2,
ITI2,2022,T,early_leavers,7.3,
ITI2,2022,T,gdp_pps_index,83.0,
ITI2,2022,T,tertiary_25_34,34.3,
ITI2,2022,T,unemployment_15_74,7.1,
ITI2,2023,F,early_leavers,,u
ITI2,2023,F,tertiary_25_34,38.6,
ITI2,2023,F,unemployment_15_74,7.9,
ITI2,2023,M,early_leavers,7.3,u
ITI2,2023,M,tertiary_25_34,30.4,
ITI2,2023,M,unemployment_15_74,4.4,
ITI2,2023,T,early_childhood,96.5,
ITI2,2023,T,early_leavers,5.6,u
ITI2,2023,T,gdp_pps_index,85.0,
ITI2,2023,T,tertiary_25_34,34.4,
ITI2,2023,T,unemployment_15_74,6.0,
ITI2,2024,F,early_leavers,6.6,u
ITI2,2024,F,tertiary_25_34,44.7,
ITI2,2024,F,unemployment_15_74,5.4,
ITI2,2024,M,early_leavers,,u
ITI2,2024,M,tertiary_25_34,28.9,
ITI2,2024,M,unemployment_15_74,4.4,
ITI2,2024,T,early_childhood,96.6,
ITI2,2024,T,early_leavers,5.9,u
ITI2,2024,T,gdp_pps_index,85.0,
ITI2,2024,T,tertiary_25_34,36.6,
ITI2,2024,T,unemployment_15_74,4.8,
ITI2,2025,F,early_leavers,,u
ITI2,2025,F,tertiary_25_34,42.6,
ITI2,2025,F,unemployment_15_74,5.7,
ITI2,2025,M,early_leavers,6.1,u
ITI2,2025,M,tertiary_25_34,25.9,
ITI2,2025,M,unemployment_15_74,3.6,
ITI2,2025,T,early_leavers,4.9,u
ITI2,2025,T,tertiary_25_34,33.9,
ITI2,2025,T,unemployment_15_74,4.6,
ITI3,2013,F,early_leavers,11.1,
ITI3,2013,F,tertiary_25_34,35.5,
ITI3,2013,F,unemployment_15_74,12.5,
ITI3,2013,M,early_leavers,15.3,
ITI3,2013,M,tertiary_25_34,16.4,
ITI3,2013,M,unemployment_15_74,9.7,
ITI3,2013,T,early_leavers,13.2,
ITI3,2013,T,gdp_pps_index,92.0,
ITI3,2013,T,tertiary_25_34,25.9,
ITI3,2013,T,unemployment_15_74,11.0,
ITI3,2014,F,early_leavers,9.4,b
ITI3,2014,F,tertiary_25_34,34.8,b
ITI3,2014,F,unemployment_15_74,11.9,
ITI3,2014,M,early_leavers,12.4,b
ITI3,2014,M,tertiary_25_34,18.3,b
ITI3,2014,M,unemployment_15_74,8.7,
ITI3,2014,T,early_childhood,95.6,
ITI3,2014,T,early_leavers,10.9,b
ITI3,2014,T,gdp_pps_index,92.0,
ITI3,2014,T,tertiary_25_34,26.6,b
ITI3,2014,T,unemployment_15_74,10.1,
ITI3,2015,F,early_leavers,7.9,
ITI3,2015,F,tertiary_25_34,38.0,
ITI3,2015,F,unemployment_15_74,11.1,
ITI3,2015,M,early_leavers,11.9,
ITI3,2015,M,tertiary_25_34,20.9,
ITI3,2015,M,unemployment_15_74,9.1,
ITI3,2015,T,early_childhood,95.5,
ITI3,2015,T,early_leavers,10.0,
ITI3,2015,T,gdp_pps_index,90.0,
ITI3,2015,T,tertiary_25_34,29.4,
ITI3,2015,T,unemployment_15_74,10.0,
ITI3,2016,F,early_leavers,8.9,
ITI3,2016,F,tertiary_25_34,39.4,
ITI3,2016,F,unemployment_15_74,11.7,
ITI3,2016,M,early_leavers,13.0,
ITI3,2016,M,tertiary_25_34,19.9,
ITI3,2016,M,unemployment_15_74,9.8,
ITI3,2016,T,early_childhood,95.5,
ITI3,2016,T,early_leavers,11.0,
ITI3,2016,T,gdp_pps_index,91.0,
ITI3,2016,T,tertiary_25_34,29.6,
ITI3,2016,T,unemployment_15_74,10.6,
ITI3,2017,F,early_leavers,5.0,u
ITI3,2017,F,tertiary_25_34,37.6,
ITI3,2017,F,unemployment_15_74,12.4,
ITI3,2017,M,early_leavers,14.8,
ITI3,2017,M,tertiary_25_34,22.3,
ITI3,2017,M,unemployment_15_74,9.1,
ITI3,2017,T,early_childhood,95.6,
ITI3,2017,T,early_leavers,10.1,
ITI3,2017,T,gdp_pps_index,91.0,
ITI3,2017,T,tertiary_25_34,29.9,
ITI3,2017,T,unemployment_15_74,10.6,
ITI3,2018,F,early_leavers,6.6,b
ITI3,2018,F,tertiary_25_34,35.3,b
ITI3,2018,F,unemployment_15_74,9.7,b
ITI3,2018,M,early_leavers,12.6,b
ITI3,2018,M,tertiary_25_34,24.2,b
ITI3,2018,M,unemployment_15_74,6.8,b
ITI3,2018,T,early_childhood,95.1,
ITI3,2018,T,early_leavers,9.7,b
ITI3,2018,T,gdp_pps_index,89.0,
ITI3,2018,T,tertiary_25_34,29.7,b
ITI3,2018,T,unemployment_15_74,8.1,b
ITI3,2019,F,early_leavers,5.5,
ITI3,2019,F,tertiary_25_34,37.8,
ITI3,2019,F,unemployment_15_74,10.7,
ITI3,2019,M,early_leavers,11.4,
ITI3,2019,M,tertiary_25_34,26.4,
ITI3,2019,M,unemployment_15_74,6.9,
ITI3,2019,T,early_childhood,95.7,b
ITI3,2019,T,early_leavers,8.5,
ITI3,2019,T,gdp_pps_index,89.0,
ITI3,2019,T,tertiary_25_34,32.0,
ITI3,2019,T,unemployment_15_74,8.6,
ITI3,2020,F,early_leavers,6.1,
ITI3,2020,F,tertiary_25_34,40.9,
ITI3,2020,F,unemployment_15_74,8.9,
ITI3,2020,M,early_leavers,12.0,
ITI3,2020,M,tertiary_25_34,24.9,
ITI3,2020,M,unemployment_15_74,6.3,
ITI3,2020,T,early_childhood,95.7,
ITI3,2020,T,early_leavers,9.2,
ITI3,2020,T,gdp_pps_index,86.0,
ITI3,2020,T,tertiary_25_34,32.8,
ITI3,2020,T,unemployment_15_74,7.4,
ITI3,2021,F,early_leavers,3.9,bu
ITI3,2021,F,tertiary_25_34,39.4,b
ITI3,2021,F,unemployment_15_74,8.3,b
ITI3,2021,M,early_leavers,11.7,b
ITI3,2021,M,tertiary_25_34,22.7,b
ITI3,2021,M,unemployment_15_74,6.2,b
ITI3,2021,T,early_childhood,93.6,
ITI3,2021,T,early_leavers,7.9,b
ITI3,2021,T,gdp_pps_index,89.0,
ITI3,2021,T,tertiary_25_34,30.9,b
ITI3,2021,T,unemployment_15_74,7.1,b
ITI3,2022,F,early_leavers,4.4,u
ITI3,2022,F,tertiary_25_34,44.0,
ITI3,2022,F,unemployment_15_74,7.5,
ITI3,2022,M,early_leavers,7.1,
ITI3,2022,M,tertiary_25_34,25.9,
ITI3,2022,M,unemployment_15_74,5.2,
ITI3,2022,T,early_childhood,94.5,
ITI3,2022,T,early_leavers,5.8,
ITI3,2022,T,gdp_pps_index,90.0,
ITI3,2022,T,tertiary_25_34,34.7,
ITI3,2022,T,unemployment_15_74,6.2,
ITI3,2023,F,early_leavers,3.6,u
ITI3,2023,F,tertiary_25_34,44.3,
ITI3,2023,F,unemployment_15_74,6.1,
ITI3,2023,M,early_leavers,8.3,
ITI3,2023,M,tertiary_25_34,25.8,
ITI3,2023,M,unemployment_15_74,4.4,
ITI3,2023,T,early_childhood,95.2,
ITI3,2023,T,early_leavers,6.1,
ITI3,2023,T,gdp_pps_index,90.0,
ITI3,2023,T,tertiary_25_34,34.8,
ITI3,2023,T,unemployment_15_74,5.2,
ITI3,2024,F,early_leavers,6.7,u
ITI3,2024,F,tertiary_25_34,41.7,
ITI3,2024,F,unemployment_15_74,5.7,
ITI3,2024,M,early_leavers,11.2,
ITI3,2024,M,tertiary_25_34,25.6,
ITI3,2024,M,unemployment_15_74,4.6,
ITI3,2024,T,early_childhood,95.2,
ITI3,2024,T,early_leavers,9.1,
ITI3,2024,T,gdp_pps_index,89.0,
ITI3,2024,T,tertiary_25_34,33.3,
ITI3,2024,T,unemployment_15_74,5.1,
ITI3,2025,F,early_leavers,4.5,u
ITI3,2025,F,tertiary_25_34,42.7,
ITI3,2025,F,unemployment_15_74,5.5,
ITI3,2025,M,early_leavers,10.5,
ITI3,2025,M,tertiary_25_34,23.9,
ITI3,2025,M,unemployment_15_74,4.7,
ITI3,2025,T,early_leavers,7.7,
ITI3,2025,T,tertiary_25_34,32.8,
ITI3,2025,T,unemployment_15_74,5.1,
ITI4,2013,F,early_leavers,10.1,
ITI4,2013,F,tertiary_25_34,32.8,
ITI4,2013,F,unemployment_15_74,13.3,
ITI4,2013,M,early_leavers,14.2,
ITI4,2013,M,tertiary_25_34,21.7,
ITI4,2013,M,unemployment_15_74,11.0,
ITI4,2013,T,early_leavers,12.2,
ITI4,2013,T,gdp_pps_index,123.0,
ITI4,2013,T,tertiary_25_34,27.2,
ITI4,2013,T,unemployment_15_74,12.0,
ITI4,2014,F,early_leavers,11.2,b
ITI4,2014,F,tertiary_25_34,37.6,b
ITI4,2014,F,unemployment_15_74,13.2,
ITI4,2014,M,early_leavers,13.8,b
ITI4,2014,M,tertiary_25_34,22.8,b
ITI4,2014,M,unemployment_15_74,12.0,
ITI4,2014,T,early_childhood,89.6,
ITI4,2014,T,early_leavers,12.5,b
ITI4,2014,T,gdp_pps_index,119.0,
ITI4,2014,T,tertiary_25_34,30.1,b
ITI4,2014,T,unemployment_15_74,12.5,
ITI4,2015,F,early_leavers,9.1,
ITI4,2015,F,tertiary_25_34,37.3,
ITI4,2015,F,unemployment_15_74,12.3,
ITI4,2015,M,early_leavers,13.5,
ITI4,2015,M,tertiary_25_34,21.7,
ITI4,2015,M,unemployment_15_74,11.5,
ITI4,2015,T,early_childhood,88.3,
ITI4,2015,T,early_leavers,11.3,
ITI4,2015,T,gdp_pps_index,115.0,
ITI4,2015,T,tertiary_25_34,29.4,
ITI4,2015,T,unemployment_15_74,11.8,
ITI4,2016,F,early_leavers,8.3,
ITI4,2016,F,tertiary_25_34,36.6,
ITI4,2016,F,unemployment_15_74,11.6,
ITI4,2016,M,early_leavers,13.4,
ITI4,2016,M,tertiary_25_34,21.7,
ITI4,2016,M,unemployment_15_74,10.8,
ITI4,2016,T,early_childhood,87.9,
ITI4,2016,T,early_leavers,10.9,
ITI4,2016,T,gdp_pps_index,119.0,
ITI4,2016,T,tertiary_25_34,29.1,
ITI4,2016,T,unemployment_15_74,11.2,
ITI4,2017,F,early_leavers,8.4,
ITI4,2017,F,tertiary_25_34,38.9,
ITI4,2017,F,unemployment_15_74,11.6,
ITI4,2017,M,early_leavers,13.4,
ITI4,2017,M,tertiary_25_34,21.3,
ITI4,2017,M,unemployment_15_74,9.9,
ITI4,2017,T,early_childhood,87.5,
ITI4,2017,T,early_leavers,11.0,
ITI4,2017,T,gdp_pps_index,116.0,
ITI4,2017,T,tertiary_25_34,30.0,
ITI4,2017,T,unemployment_15_74,10.7,
ITI4,2018,F,early_leavers,8.1,b
ITI4,2018,F,tertiary_25_34,38.8,b
ITI4,2018,F,unemployment_15_74,11.9,b
ITI4,2018,M,early_leavers,13.6,b
ITI4,2018,M,tertiary_25_34,24.7,b
ITI4,2018,M,unemployment_15_74,10.5,b
ITI4,2018,T,early_childhood,87.0,
ITI4,2018,T,early_leavers,11.0,b
ITI4,2018,T,gdp_pps_index,114.0,
ITI4,2018,T,tertiary_25_34,31.7,b
ITI4,2018,T,unemployment_15_74,11.1,b
ITI4,2019,F,early_leavers,9.9,
ITI4,2019,F,tertiary_25_34,42.0,
ITI4,2019,F,unemployment_15_74,10.4,
ITI4,2019,M,early_leavers,13.2,
ITI4,2019,M,tertiary_25_34,26.3,
ITI4,2019,M,unemployment_15_74,9.5,
ITI4,2019,T,early_childhood,89.4,b
ITI4,2019,T,early_leavers,11.6,
ITI4,2019,T,gdp_pps_index,114.0,
ITI4,2019,T,tertiary_25_34,34.1,
ITI4,2019,T,unemployment_15_74,9.9,
ITI4,2020,F,early_leavers,8.4,
ITI4,2020,F,tertiary_25_34,43.8,
ITI4,2020,F,unemployment_15_74,9.7,
ITI4,2020,M,early_leavers,15.7,
ITI4,2020,M,tertiary_25_34,26.4,
ITI4,2020,M,unemployment_15_74,8.7,
ITI4,2020,T,early_childhood,90.0,
ITI4,2020,T,early_leavers,12.2,
ITI4,2020,T,gdp_pps_index,110.0,
ITI4,2020,T,tertiary_25_34,35.0,
ITI4,2020,T,unemployment_15_74,9.2,
ITI4,2021,F,early_leavers,5.9,b
ITI4,2021,F,tertiary_25_34,39.2,b
ITI4,2021,F,unemployment_15_74,10.7,b
ITI4,2021,M,early_leavers,12.3,b
ITI4,2021,M,tertiary_25_34,25.5,b
ITI4,2021,M,unemployment_15_74,9.5,b
ITI4,2021,T,early_childhood,85.8,
ITI4,2021,T,early_leavers,9.2,b
ITI4,2021,T,gdp_pps_index,110.0,
ITI4,2021,T,tertiary_25_34,32.2,b
ITI4,2021,T,unemployment_15_74,10.0,b
ITI4,2022,F,early_leavers,5.6,
ITI4,2022,F,tertiary_25_34,42.4,
ITI4,2022,F,unemployment_15_74,9.1,
ITI4,2022,M,early_leavers,9.1,
ITI4,2022,M,tertiary_25_34,30.4,
ITI4,2022,M,unemployment_15_74,6.6,
ITI4,2022,T,early_childhood,87.5,
ITI4,2022,T,early_leavers,7.4,
ITI4,2022,T,gdp_pps_index,115.0,
ITI4,2022,T,tertiary_25_34,36.2,
ITI4,2022,T,unemployment_15_74,7.7,
ITI4,2023,F,early_leavers,3.8,
ITI4,2023,F,tertiary_25_34,45.9,
ITI4,2023,F,unemployment_15_74,8.7,
ITI4,2023,M,early_leavers,8.3,
ITI4,2023,M,tertiary_25_34,31.3,
ITI4,2023,M,unemployment_15_74,6.0,
ITI4,2023,T,early_childhood,87.5,
ITI4,2023,T,early_leavers,6.1,
ITI4,2023,T,gdp_pps_index,114.0,
ITI4,2023,T,tertiary_25_34,38.4,
ITI4,2023,T,unemployment_15_74,7.2,
ITI4,2024,F,early_leavers,4.7,
ITI4,2024,F,tertiary_25_34,45.3,
ITI4,2024,F,unemployment_15_74,7.5,
ITI4,2024,M,early_leavers,10.0,
ITI4,2024,M,tertiary_25_34,29.3,
ITI4,2024,M,unemployment_15_74,5.3,
ITI4,2024,T,early_childhood,88.2,
ITI4,2024,T,early_leavers,7.4,
ITI4,2024,T,gdp_pps_index,113.0,
ITI4,2024,T,tertiary_25_34,37.1,
ITI4,2024,T,unemployment_15_74,6.3,
ITI4,2025,F,early_leavers,4.7,
ITI4,2025,F,tertiary_25_34,45.6,
ITI4,2025,F,unemployment_15_74,5.9,
ITI4,2025,M,early_leavers,8.9,
ITI4,2025,M,tertiary_25_34,29.7,
ITI4,2025,M,unemployment_15_74,5.2,
ITI4,2025,T,early_leavers,6.9,
ITI4,2025,T,tertiary_25_34,37.4,
ITI4,2025,T,unemployment_15_74,5.5,
