geo_code,sex_code,period_start,period_end,std_rate,ci_low,ci_high
IT,F,2020,2024,728.36,727.27,729.46
IT,M,2020,2024,1042.9,1041.32,1044.49
IT,T,2020,2024,866.35,865.43,867.27
ITF1,F,2020,2024,712.12,704.94,719.35
ITF1,M,2020,2024,1050.85,1040.43,1061.34
ITF1,T,2020,2024,862.29,856.21,868.4
ITH5,F,2020,2024,712.89,709.03,716.75
ITH5,M,2020,2024,990.02,984.58,995.48
ITH5,T,2020,2024,835.22,832.02,838.44
ITI1,F,2020,2024,695.77,691.71,699.86
ITI1,M,2020,2024,973.76,967.98,979.56
ITI1,T,2020,2024,817.42,814.03,820.83
ITI2,F,2020,2024,680.18,671.98,688.45
ITI2,M,2020,2024,968.45,956.68,980.32
ITI2,T,2020,2024,807.06,800.17,814.0
ITI3,F,2020,2024,687.63,681.28,694.02
ITI3,M,2020,2024,980.96,971.85,990.13
ITI3,T,2020,2024,816.32,810.98,821.68
ITI4,F,2020,2024,714.96,711.41,718.53
ITI4,M,2020,2024,1023.63,1018.48,1028.8
ITI4,T,2020,2024,848.74,845.75,851.73
