geo_code,year,sex_code,deaths,population_avg,crude_rate,std_rate,ci_low,ci_high,eurostat_std_rate
EU27_2020,2021,F,2621482.0,227924291.0,1150.15,868.19,867.13,869.26,864.63
EU27_2020,2021,M,2675851.0,218007226.5,1227.41,1323.91,1322.31,1325.51,1348.39
EU27_2020,2021,T,5297333.0,445931517.5,1187.93,1068.22,1067.31,1069.14,1073.37
EU27_2020,2022,F,2584013.0,228389267.5,1131.41,842.46,841.42,843.5,
EU27_2020,2022,M,2574815.0,218444419.5,1178.7,1264.26,1262.71,1265.82,
EU27_2020,2022,T,5158828.0,446833687.0,1154.53,1027.6,1026.71,1028.49,
IT,2013,F,310390.0,31093903.0,998.23,713.07,710.52,715.63,
IT,2013,M,290354.0,29217710.0,993.76,1081.66,1077.69,1085.64,
IT,2013,T,600744.0,60311613.0,996.07,866.65,864.45,868.85,
IT,2014,F,309184.0,31085789.0,994.62,694.5,692.0,697.01,
IT,2014,M,289180.0,29234918.0,989.16,1050.84,1046.98,1054.71,
IT,2014,T,598364.0,60320707.0,991.97,843.8,841.65,845.95,
IT,2015,F,339607.0,31018925.0,1094.84,745.23,742.67,747.8,
IT,2015,M,307964.0,29210679.5,1054.29,1095.14,1091.25,1099.04,
IT,2015,T,647571.0,60229604.5,1075.17,893.19,891.0,895.38,
IT,2016,F,319486.0,30929374.0,1032.95,691.6,689.14,694.07,
IT,2016,M,295775.0,29185849.0,1013.42,1028.4,1024.68,1032.14,
IT,2016,T,615261.0,60115223.0,1023.47,834.07,831.97,836.18,
IT,2017,F,339556.0,30834690.0,1101.21,721.87,719.38,724.37,
IT,2017,M,309505.0,29167561.5,1061.13,1054.98,1051.25,1058.72,
IT,2017,T,649061.0,60002251.5,1081.73,863.46,861.35,865.59,
IT,2018,F,330638.0,30733389.0,1075.83,694.8,692.37,697.24,688.71
IT,2018,M,302495.0,29143832.0,1037.94,1009.65,1006.04,1013.27,1036.66
IT,2018,T,633133.0,59877221.0,1057.39,830.22,828.16,832.29,833.48
IT,2019,F,330765.0,30638435.0,1079.58,683.93,681.53,686.34,685.24
IT,2019,M,303652.0,29090645.5,1043.81,990.55,987.01,994.09,1031.28
IT,2019,T,634417.0,59729080.5,1062.16,816.12,814.09,818.16,829.37
IT,2020,F,380899.0,30480689.5,1249.64,777.61,775.06,780.16,777.3
IT,2020,M,359418.0,28958161.0,1241.16,1151.83,1148.05,1155.62,1194.59
IT,2020,T,740317.0,59438850.5,1245.51,940.21,938.04,942.38,953.42
IT,2021,F,361136.0,30290582.0,1192.24,740.42,737.92,742.91,739.23
IT,2021,M,340210.0,28842591.0,1179.54,1077.33,1073.7,1080.98,1118.29
IT,2021,T,701346.0,59133173.0,1186.04,887.35,885.25,889.46,899.26
IT,2022,F,372771.0,30196773.0,1234.47,754.08,751.59,756.58,
IT,2022,M,342306.0,28816894.0,1187.87,1068.56,1064.97,1072.16,
IT,2022,T,715077.0,59013667.0,1211.71,891.75,889.65,893.84,
IT,2023,F,348450.0,30153435.5,1155.59,701.75,699.35,704.16,
IT,2023,M,322615.0,28830780.0,1119.0,987.8,984.39,991.23,
IT,2023,T,671065.0,58984215.5,1137.7,827.89,825.89,829.9,
IT,2024,F,338705.0,30098124.5,1125.34,670.55,668.22,672.88,
IT,2024,M,314404.0,28859222.5,1089.44,939.25,935.96,942.55,
IT,2024,T,653109.0,58957347.0,1107.77,789.62,787.67,791.56,
ITF1,2013,F,7386.0,684324.0,1079.31,706.95,690.44,723.75,
ITF1,2013,M,7029.0,646926.5,1086.52,1078.58,1053.37,1104.23,
ITF1,2013,T,14415.0,1331250.5,1082.82,867.24,852.99,881.68,
ITF1,2014,F,7294.0,682324.0,1068.99,690.0,673.72,706.57,
ITF1,2014,M,7088.0,645553.0,1097.97,1065.88,1041.08,1091.11,
ITF1,2014,T,14382.0,1327877.0,1083.08,851.04,837.01,865.24,
ITF1,2015,F,7998.0,679402.0,1177.21,740.98,724.22,758.01,
ITF1,2015,M,7367.0,643163.0,1145.43,1090.92,1066.02,1116.24,
ITF1,2015,T,15365.0,1322565.0,1161.76,891.0,876.76,905.42,
ITF1,2016,F,7464.0,676060.0,1104.04,674.18,658.39,690.24,
ITF1,2016,M,7082.0,640552.0,1105.61,1030.98,1007.01,1055.38,
ITF1,2016,T,14546.0,1316612.0,1104.81,830.36,816.71,844.18,
ITF1,2017,F,8088.0,671900.0,1203.75,729.37,712.94,746.07,
ITF1,2017,M,7396.0,638094.5,1159.08,1061.99,1037.83,1086.56,
ITF1,2017,T,15484.0,1309994.5,1181.99,876.29,862.31,890.43,
ITF1,2018,F,7557.0,667455.5,1132.21,679.9,664.05,696.02,677.37
ITF1,2018,M,7123.0,635896.5,1120.15,1005.37,982.08,1029.08,1032.88
ITF1,2018,T,14680.0,1303352.0,1126.33,823.32,809.83,836.98,829.34
ITF1,2019,F,7518.0,663891.0,1132.41,668.09,652.44,684.02,674.95
ITF1,2019,M,7094.0,633402.0,1119.98,982.5,959.68,1005.73,1026.61
ITF1,2019,T,14612.0,1297293.0,1126.35,806.05,792.79,819.47,825.44
ITF1,2020,F,8095.0,658812.5,1228.73,716.78,700.59,733.25,717.5
ITF1,2020,M,7932.0,628664.0,1261.72,1085.72,1061.84,1110.0,1115.35
ITF1,2020,T,16027.0,1287476.5,1244.84,878.12,864.31,892.1,887.99
ITF1,2021,F,8321.0,653607.5,1273.09,730.72,714.46,747.26,727.49
ITF1,2021,M,7945.0,624873.5,1271.46,1078.55,1054.85,1102.65,1114.44
ITF1,2021,T,16266.0,1278481.0,1272.29,885.04,871.23,899.02,893.02
ITF1,2022,F,8556.0,650868.0,1314.55,749.3,732.9,765.96,
ITF1,2022,M,8224.0,623420.5,1319.17,1105.26,1081.41,1129.5,
ITF1,2022,T,16780.0,1274288.5,1316.81,907.7,893.77,921.78,
ITF1,2023,F,7979.0,648755.0,1229.89,699.1,683.27,715.19,
ITF1,2023,M,7850.0,622344.0,1261.36,1045.55,1022.48,1069.01,
ITF1,2023,T,15829.0,1271099.0,1245.3,853.5,840.03,867.13,
ITF1,2024,F,7622.0,646734.0,1178.54,666.95,651.52,682.66,
ITF1,2024,M,7248.0,622610.5,1164.13,945.49,923.79,967.57,
ITF1,2024,T,14870.0,1269344.5,1171.47,790.82,777.95,803.85,
ITH5,2013,F,25278.0,2284198.0,1106.65,687.12,678.36,695.96,
ITH5,2013,M,22485.0,2139651.5,1050.87,1008.41,995.22,1021.73,
ITH5,2013,T,47763.0,4423849.5,1079.67,821.27,813.82,828.77,
ITH5,2014,F,25034.0,2288975.5,1093.68,668.84,660.24,677.51,
ITH5,2014,M,22694.0,2144333.5,1058.32,995.16,982.2,1008.24,
ITH5,2014,T,47728.0,4433309.0,1076.58,804.96,797.64,812.33,
ITH5,2015,F,27610.0,2288838.0,1206.29,721.27,712.43,730.18,
ITH5,2015,M,23971.0,2146090.5,1116.96,1031.54,1018.46,1044.74,
ITH5,2015,T,51581.0,4434928.5,1163.06,852.09,844.63,859.61,
ITH5,2016,F,26189.0,2287823.5,1144.71,677.68,669.14,686.3,
ITH5,2016,M,23188.0,2149800.5,1078.61,981.6,968.95,994.37,
ITH5,2016,T,49377.0,4437624.0,1112.69,807.27,800.03,814.56,
ITH5,2017,F,27025.0,2287215.0,1181.57,690.71,682.14,699.35,
ITH5,2017,M,24039.0,2155629.0,1115.17,999.79,987.14,1012.56,
ITH5,2017,T,51064.0,4442844.0,1149.35,822.15,814.9,829.44,
ITH5,2018,F,26410.0,2288273.5,1154.15,669.73,661.33,678.21,664.24
ITH5,2018,M,23401.0,2164413.0,1081.17,954.35,942.11,966.72,987.11
ITH5,2018,T,49811.0,4452686.5,1118.67,792.51,785.43,799.64,798.61
ITH5,2019,F,26676.0,2290072.0,1164.85,669.54,661.17,678.0,659.26
ITH5,2019,M,23598.0,2171714.0,1086.61,942.38,930.33,954.54,971.5
ITH5,2019,T,50274.0,4461786.0,1126.77,787.84,780.82,794.91,788.97
ITH5,2020,F,30935.0,2281643.5,1355.82,769.11,760.18,778.12,752.36
ITH5,2020,M,28276.0,2169884.5,1303.11,1116.41,1103.35,1129.58,1143.98
ITH5,2020,T,59211.0,4451528.0,1330.13,921.28,913.71,928.89,918.32
ITH5,2021,F,29004.0,2267390.0,1279.18,729.21,720.47,738.03,713.42
ITH5,2021,M,26256.0,2164761.5,1212.88,1032.23,1019.7,1044.88,1060.31
ITH5,2021,T,55260.0,4432151.5,1246.8,862.07,854.73,869.45,860.25
ITH5,2022,F,29293.0,2264201.5,1293.75,734.51,725.76,743.33,
ITH5,2022,M,25706.0,2167270.5,1186.1,997.25,985.02,1009.58,
ITH5,2022,T,54999.0,4431472.0,1241.1,850.02,842.78,857.3,
ITH5,2023,F,26919.0,2267865.0,1186.98,671.47,663.13,679.89,
ITH5,2023,M,24347.0,2176893.0,1118.43,928.43,916.74,940.24,
ITH5,2023,T,51266.0,4444758.0,1153.4,785.62,778.68,792.6,
ITH5,2024,F,26867.0,2269642.5,1183.75,661.35,653.11,669.67,
ITH5,2024,M,23772.0,2187325.5,1086.81,884.35,873.07,895.73,
ITH5,2024,T,50639.0,4456968.0,1136.18,760.69,753.93,767.5,
ITI1,2013,F,22222.0,1945183.5,1142.41,687.66,678.33,697.08,
ITI1,2013,M,19963.0,1798731.5,1109.84,1028.05,1013.78,1042.47,
ITI1,2013,T,42185.0,3743915.0,1126.76,829.13,821.14,837.19,
ITI1,2014,F,21773.0,1943660.0,1120.21,663.93,654.8,673.15,
ITI1,2014,M,19734.0,1798008.5,1097.55,996.64,982.73,1010.71,
ITI1,2014,T,41507.0,3741668.5,1109.32,802.68,794.86,810.56,
ITI1,2015,F,23924.0,1938361.0,1234.24,713.88,704.5,723.34,
ITI1,2015,M,21426.0,1794372.0,1194.07,1063.11,1048.86,1077.5,
ITI1,2015,T,45350.0,3732733.0,1214.93,860.71,852.68,868.8,
ITI1,2016,F,22514.0,1931737.5,1165.48,668.17,659.1,677.33,
ITI1,2016,M,19963.0,1792169.0,1113.9,973.64,960.12,987.29,
ITI1,2016,T,42477.0,3723906.5,1140.66,796.85,789.15,804.59,
ITI1,2017,F,23566.0,1924752.0,1224.37,690.61,681.44,699.86,
ITI1,2017,M,20955.0,1791967.5,1169.39,1006.69,993.05,1020.46,
ITI1,2017,T,44521.0,3716719.5,1197.86,823.37,815.6,831.19,
ITI1,2018,F,23113.0,1916942.0,1205.72,672.58,663.56,681.68,664.4
ITI1,2018,M,20329.0,1789753.5,1135.85,961.86,948.62,975.23,988.09
ITI1,2018,T,43442.0,3706695.5,1171.99,796.18,788.56,803.85,797.83
ITI1,2019,F,23157.0,1910774.5,1211.92,667.59,658.64,676.63,660.31
ITI1,2019,M,20520.0,1786174.5,1148.82,951.41,938.37,964.59,983.6
ITI1,2019,T,43677.0,3696949.0,1181.43,790.0,782.45,797.59,794.3
ITI1,2020,F,25126.0,1906276.0,1318.07,717.95,708.7,727.28,704.97
ITI1,2020,M,22695.0,1786434.0,1270.41,1033.85,1020.35,1047.48,1066.69
ITI1,2020,T,47821.0,3692710.0,1295.01,853.98,846.17,861.84,855.16
ITI1,2021,F,24906.0,1895350.0,1314.06,714.86,705.59,724.22,701.11
ITI1,2021,M,22599.0,1782678.0,1267.7,1018.66,1005.33,1032.13,1049.88
ITI1,2021,T,47505.0,3678028.0,1291.59,847.08,839.3,854.92,847.57
ITI1,2022,F,26000.0,1885734.0,1378.77,731.61,722.36,740.95,
ITI1,2022,M,22903.0,1776852.0,1288.96,1017.9,1004.68,1031.26,
ITI1,2022,T,48903.0,3662586.0,1335.2,858.01,850.25,865.82,
ITI1,2023,F,23398.0,1882853.5,1242.69,661.56,652.72,670.48,
ITI1,2023,M,20856.0,1778402.0,1172.74,911.23,898.82,923.76,
ITI1,2023,T,44254.0,3661255.5,1208.71,771.38,764.04,778.77,
ITI1,2024,F,23462.0,1878193.0,1249.18,654.94,646.17,663.8,
ITI1,2024,M,20977.0,1780930.0,1177.87,894.21,882.06,906.49,
ITI1,2024,T,44439.0,3659123.0,1214.47,760.19,752.95,767.48,
ITI2,2013,F,5211.0,464510.0,1121.83,665.16,646.47,684.25,
ITI2,2013,M,4913.0,427910.5,1148.14,1045.02,1015.88,1074.77,
ITI2,2013,T,10124.0,892420.5,1134.44,823.88,807.63,840.36,
ITI2,2014,F,5173.0,463346.0,1116.44,646.7,628.4,665.37,
ITI2,2014,M,4734.0,426847.5,1109.06,990.2,962.07,1018.94,
ITI2,2014,T,9907.0,890193.5,1112.9,789.72,773.95,805.73,
ITI2,2015,F,5683.0,461013.0,1232.72,693.45,674.68,712.59,
ITI2,2015,M,5128.0,425177.0,1206.09,1058.23,1029.33,1087.73,
ITI2,2015,T,10811.0,886190.0,1219.94,847.6,831.36,864.07,
ITI2,2016,F,5439.0,458704.5,1185.73,658.6,640.34,677.23,
ITI2,2016,M,4813.0,423837.5,1135.58,974.81,947.35,1002.87,
ITI2,2016,T,10252.0,882542.0,1161.64,791.87,776.28,807.7,
ITI2,2017,F,5745.0,456071.0,1259.67,688.77,670.19,707.71,
ITI2,2017,M,5044.0,422663.5,1193.38,1006.03,978.36,1034.29,
ITI2,2017,T,10789.0,878734.5,1227.79,822.14,806.36,838.15,
ITI2,2018,F,5380.0,453386.5,1186.63,645.1,627.1,663.47,637.36
ITI2,2018,M,4698.0,421724.0,1114.0,923.36,897.01,950.28,948.99
ITI2,2018,T,10078.0,875110.5,1151.63,764.81,749.58,780.25,765.81
ITI2,2019,F,5405.0,451282.0,1197.7,636.12,618.38,654.22,628.24
ITI2,2019,M,4858.0,420672.5,1154.82,930.59,904.45,957.28,963.8
ITI2,2019,T,10263.0,871954.5,1177.01,761.43,746.39,776.69,766.8
ITI2,2020,F,5778.0,449007.5,1286.84,675.29,657.02,693.91,659.8
ITI2,2020,M,5267.0,418801.0,1257.64,996.88,969.95,1024.37,1027.13
ITI2,2020,T,11045.0,867808.5,1272.75,815.16,799.6,830.95,812.3
ITI2,2021,F,6007.0,445680.5,1347.83,700.78,682.18,719.73,687.62
ITI2,2021,M,5481.0,416451.5,1316.12,1024.8,997.63,1052.51,1051.41
ITI2,2021,T,11488.0,862132.0,1332.51,841.56,825.8,857.54,839.39
ITI2,2022,F,6177.0,442875.5,1394.75,713.1,694.54,732.01,
ITI2,2022,M,5430.0,414734.0,1309.27,1005.11,978.34,1032.43,
ITI2,2022,T,11607.0,857609.5,1353.41,843.58,827.89,859.5,
ITI2,2023,F,5668.0,440942.0,1285.43,659.46,641.44,677.83,
ITI2,2023,M,5142.0,413795.5,1242.64,936.53,910.89,962.7,
ITI2,2023,T,10810.0,854737.5,1264.72,781.49,766.39,796.8,
ITI2,2024,F,5641.0,438825.5,1285.48,652.63,634.68,670.94,
ITI2,2024,M,4956.0,413445.0,1198.71,885.21,860.49,910.46,
ITI2,2024,T,10597.0,852270.5,1243.38,755.86,741.05,770.88,
ITI3,2013,F,8647.0,800715.0,1079.91,655.71,641.4,670.25,
ITI3,2013,M,8223.0,749858.0,1096.61,1023.01,1000.94,1045.45,
ITI3,2013,T,16870.0,1550573.0,1087.98,808.16,795.81,820.65,
ITI3,2014,F,8630.0,799112.0,1079.95,640.21,626.19,654.45,
ITI3,2014,M,8196.0,748561.5,1094.9,1000.35,978.72,1022.34,
ITI3,2014,T,16826.0,1547673.5,1087.18,789.77,777.66,802.02,
ITI3,2015,F,9509.0,795999.5,1194.6,688.67,674.26,703.29,
ITI3,2015,M,8697.0,746156.0,1165.57,1046.1,1024.12,1068.42,
ITI3,2015,T,18206.0,1542155.5,1180.56,839.59,827.19,852.13,
ITI3,2016,F,8980.0,791899.0,1133.98,644.45,630.54,658.58,
ITI3,2016,M,8342.0,743552.0,1121.91,986.72,965.56,1008.22,
ITI3,2016,T,17322.0,1535451.0,1128.14,789.51,777.53,801.62,
ITI3,2017,F,9853.0,787556.0,1251.09,695.82,681.49,710.36,
ITI3,2017,M,8596.0,741839.5,1158.74,1000.87,979.73,1022.35,
ITI3,2017,T,18449.0,1529395.5,1206.29,826.78,814.63,839.06,
ITI3,2018,F,9058.0,783217.5,1156.51,640.02,626.25,654.0,631.96
ITI3,2018,M,8117.0,740108.5,1096.73,932.15,911.88,952.76,956.21
ITI3,2018,T,17175.0,1523326.0,1127.47,766.29,754.61,778.11,767.95
ITI3,2019,F,9158.0,779107.0,1175.45,638.62,624.92,652.53,629.2
ITI3,2019,M,8284.0,737389.5,1123.42,932.39,912.29,952.81,961.49
ITI3,2019,T,17442.0,1516496.5,1150.15,765.0,753.39,776.73,767.15
ITI3,2020,F,10437.0,772817.0,1350.51,724.97,710.4,739.75,714.25
ITI3,2020,M,9530.0,732637.0,1300.78,1059.82,1038.48,1081.48,1095.72
ITI3,2020,T,19967.0,1505454.0,1326.31,869.89,857.54,882.37,873.21
ITI3,2021,F,10327.0,765166.5,1349.64,722.77,708.15,737.61,713.64
ITI3,2021,M,9403.0,727526.5,1292.46,1042.2,1021.09,1063.64,1076.4
ITI3,2021,T,19730.0,1492693.0,1321.77,861.5,849.19,873.94,864.86
ITI3,2022,F,10312.0,760532.0,1355.89,715.18,700.75,729.82,
ITI3,2022,M,9303.0,725192.0,1282.83,1022.79,1001.97,1043.92,
ITI3,2022,T,19615.0,1485724.0,1320.23,851.13,838.96,863.44,
ITI3,2023,F,9329.0,758112.0,1230.56,646.78,633.04,660.74,
ITI3,2023,M,8407.0,725410.0,1158.93,908.32,888.89,928.07,
ITI3,2023,T,17736.0,1483522.0,1195.53,761.83,750.36,773.43,
ITI3,2024,F,9225.0,755585.0,1220.91,630.03,616.54,643.72,
ITI3,2024,M,8314.0,726060.5,1145.08,879.6,860.65,898.85,
ITI3,2024,T,17539.0,1481645.5,1183.75,740.88,729.63,752.25,
ITI4,2013,F,27906.0,2962208.5,942.07,730.24,721.61,738.96,
ITI4,2013,M,26408.0,2739151.0,964.09,1090.74,1077.44,1104.16,
ITI4,2013,T,54314.0,5701359.5,952.65,881.08,873.66,888.54,
ITI4,2014,F,28069.0,2977451.5,942.72,714.71,706.27,723.23,
ITI4,2014,M,26868.0,2756975.5,974.55,1081.18,1068.14,1094.34,
ITI4,2014,T,54937.0,5734427.0,958.02,867.78,860.52,875.1,
ITI4,2015,F,30520.0,2984800.0,1022.51,757.29,748.68,765.96,
ITI4,2015,M,27868.0,2768403.5,1006.65,1093.26,1080.34,1106.3,
ITI4,2015,T,58388.0,5753203.5,1014.88,899.07,891.76,906.42,
ITI4,2016,F,29561.0,2989128.0,988.95,718.69,710.37,727.07,
ITI4,2016,M,27277.0,2778672.0,981.66,1041.66,1029.24,1054.19,
ITI4,2016,T,56838.0,5767800.0,985.44,854.75,847.7,861.84,
ITI4,2017,F,31288.0,2989733.0,1046.51,743.16,734.8,751.59,
ITI4,2017,M,28663.0,2784616.0,1029.33,1070.42,1057.98,1082.96,
ITI4,2017,T,59951.0,5774349.0,1038.23,881.75,874.67,888.88,
ITI4,2018,F,29786.0,2987095.5,997.16,694.04,686.02,702.12,700.76
ITI4,2018,M,27503.0,2786745.5,986.92,1004.62,992.71,1016.62,1042.55
ITI4,2018,T,57289.0,5773841.0,992.22,825.97,819.17,832.8,842.6
ITI4,2019,F,29557.0,2981027.5,991.5,675.81,667.95,683.73,701.33
ITI4,2019,M,27239.0,2783360.5,978.64,970.25,958.71,981.9,1037.37
ITI4,2019,T,56796.0,5764388.0,985.29,801.3,794.67,807.97,841.11
ITI4,2020,F,32028.0,2969872.5,1078.43,718.55,710.51,726.66,737.67
ITI4,2020,M,30365.0,2773177.0,1094.95,1057.38,1045.46,1069.41,1122.86
ITI4,2020,T,62393.0,5743049.5,1086.41,863.73,856.9,870.6,899.07
ITI4,2021,F,32827.0,2954876.0,1110.94,729.17,721.1,737.31,746.13
ITI4,2021,M,31112.0,2767764.5,1124.08,1064.31,1052.46,1076.26,1125.68
ITI4,2021,T,63939.0,5722640.5,1117.3,874.11,867.27,880.98,906.61
ITI4,2022,F,33313.0,2947988.0,1130.02,726.42,718.44,734.46,
ITI4,2022,M,30996.0,2769721.0,1119.1,1042.42,1030.8,1054.14,
ITI4,2022,T,64309.0,5717709.0,1124.73,862.84,856.12,869.61,
ITI4,2023,F,33589.0,2946766.5,1139.86,727.49,719.53,735.52,
ITI4,2023,M,30646.0,2770874.0,1106.0,1011.16,999.83,1022.58,
ITI4,2023,T,64235.0,5717640.5,1123.45,851.26,844.62,857.94,
ITI4,2024,F,31660.0,2941147.5,1076.45,674.77,667.15,682.46,
ITI4,2024,M,29434.0,2770814.0,1062.29,949.07,938.22,960.0,
ITI4,2024,T,61094.0,5711961.5,1069.58,794.78,788.41,801.18,
