geo_code,year,sex_code,isced_code,enrolled,flag
EU27_2020,2013,F,ED1,11515571,d
EU27_2020,2013,F,ED6,5466403,d
EU27_2020,2013,F,ED7,2971277,d
EU27_2020,2013,M,ED1,12152790,d
EU27_2020,2013,M,ED6,4796077,d
EU27_2020,2013,M,ED7,2215402,d
EU27_2020,2013,T,ED1,23668361,d
EU27_2020,2013,T,ED6,10262480,d
EU27_2020,2013,T,ED7,5186679,d
EU27_2020,2014,F,ED1,11551407,d
EU27_2020,2014,F,ED2,8863529,d
EU27_2020,2014,F,ED3,8677743,d
EU27_2020,2014,F,ED4,955633,d
EU27_2020,2014,F,ED5,566163,d
EU27_2020,2014,F,ED6,5487213,d
EU27_2020,2014,F,ED7,2914581,d
EU27_2020,2014,M,ED1,12190824,d
EU27_2020,2014,M,ED2,9490135,d
EU27_2020,2014,M,ED3,9092160,d
EU27_2020,2014,M,ED4,641664,d
EU27_2020,2014,M,ED5,558277,d
EU27_2020,2014,M,ED6,4849641,d
EU27_2020,2014,M,ED7,2185189,d
EU27_2020,2014,T,ED1,23742231,d
EU27_2020,2014,T,ED2,18353664,d
EU27_2020,2014,T,ED3,17769903,d
EU27_2020,2014,T,ED4,1597297,d
EU27_2020,2014,T,ED5,1124440,d
EU27_2020,2014,T,ED6,10336854,d
EU27_2020,2014,T,ED7,5099770,d
EU27_2020,2015,F,ED1,11747558,
EU27_2020,2015,F,ED2,8656465,d
EU27_2020,2015,F,ED3,8503756,d
EU27_2020,2015,F,ED4,977221,d
EU27_2020,2015,F,ED5,520876,d
EU27_2020,2015,F,ED6,5548579,
EU27_2020,2015,F,ED7,2851173,
EU27_2020,2015,M,ED1,12392826,
EU27_2020,2015,M,ED2,9275883,d
EU27_2020,2015,M,ED3,8903546,d
EU27_2020,2015,M,ED4,675227,d
EU27_2020,2015,M,ED5,526289,d
EU27_2020,2015,M,ED6,4917628,
EU27_2020,2015,M,ED7,2149478,
EU27_2020,2015,T,ED1,24140384,
EU27_2020,2015,T,ED2,17932348,d
EU27_2020,2015,T,ED3,17407305,d
EU27_2020,2015,T,ED4,1652447,d
EU27_2020,2015,T,ED5,1047164,d
EU27_2020,2015,T,ED6,10466208,
EU27_2020,2015,T,ED7,5000651,
EU27_2020,2016,F,ED1,11796653,d
EU27_2020,2016,F,ED2,8710864,d
EU27_2020,2016,F,ED3,8554966,d
EU27_2020,2016,F,ED4,956394,d
EU27_2020,2016,F,ED5,546167,d
EU27_2020,2016,F,ED6,5497476,d
EU27_2020,2016,F,ED7,2824457,d
EU27_2020,2016,M,ED1,12441432,d
EU27_2020,2016,M,ED2,9353043,d
EU27_2020,2016,M,ED3,8977353,d
EU27_2020,2016,M,ED4,657383,d
EU27_2020,2016,M,ED5,562931,d
EU27_2020,2016,M,ED6,4882740,d
EU27_2020,2016,M,ED7,2145148,d
EU27_2020,2016,T,ED0,14840271,
EU27_2020,2016,T,ED1,24238085,d
EU27_2020,2016,T,ED2,18063907,d
EU27_2020,2016,T,ED3,17532319,d
EU27_2020,2016,T,ED4,1613776,d
EU27_2020,2016,T,ED5,1109098,d
EU27_2020,2016,T,ED6,10380216,d
EU27_2020,2016,T,ED7,4969605,d
EU27_2020,2018,F,ED0,7147059,d
EU27_2020,2018,F,ED1,11899532,
EU27_2020,2018,F,ED2,8803197,
EU27_2020,2018,F,ED3,8600354,
EU27_2020,2018,F,ED5,587237,
EU27_2020,2018,F,ED6,5570245,
EU27_2020,2018,F,ED7,2924864,
EU27_2020,2018,F,ED8,317324,
EU27_2020,2018,M,ED0,7598652,d
EU27_2020,2018,M,ED1,12613300,
EU27_2020,2018,M,ED2,9470045,
EU27_2020,2018,M,ED3,9050859,
EU27_2020,2018,M,ED5,618050,
EU27_2020,2018,M,ED6,4913397,
EU27_2020,2018,M,ED7,2222505,
EU27_2020,2018,M,ED8,343259,
EU27_2020,2018,T,ED0,15297428,d
EU27_2020,2018,T,ED1,24512832,
EU27_2020,2018,T,ED2,18273241,
EU27_2020,2018,T,ED3,17651213,
EU27_2020,2018,T,ED5,1205287,
EU27_2020,2018,T,ED6,10483642,
EU27_2020,2018,T,ED7,5147369,
EU27_2020,2018,T,ED8,660583,
EU27_2020,2019,F,ED0,7288234,d
EU27_2020,2019,F,ED1,11888438,
EU27_2020,2019,F,ED2,8822396,
EU27_2020,2019,F,ED3,8553096,
EU27_2020,2019,F,ED5,614522,
EU27_2020,2019,F,ED6,5655358,
EU27_2020,2019,F,ED7,2947944,
EU27_2020,2019,F,ED8,320601,
EU27_2020,2019,M,ED0,7752568,d
EU27_2020,2019,M,ED1,12573777,
EU27_2020,2019,M,ED2,9458618,
EU27_2020,2019,M,ED3,9014561,
EU27_2020,2019,M,ED5,651892,
EU27_2020,2019,M,ED6,5001486,
EU27_2020,2019,M,ED7,2225584,
EU27_2020,2019,M,ED8,346449,
EU27_2020,2019,T,ED0,15587634,d
EU27_2020,2019,T,ED1,24462215,
EU27_2020,2019,T,ED2,18281014,
EU27_2020,2019,T,ED3,17567657,
EU27_2020,2019,T,ED5,1266414,
EU27_2020,2019,T,ED6,10656845,
EU27_2020,2019,T,ED7,5173528,
EU27_2020,2019,T,ED8,667050,
EU27_2020,2020,F,ED0,7091961,d
EU27_2020,2020,F,ED1,11026265,d
EU27_2020,2020,F,ED2,9007411,d
EU27_2020,2020,F,ED3,8393985,d
EU27_2020,2020,F,ED4,807608,d
EU27_2020,2020,F,ED5,641161,d
EU27_2020,2020,F,ED6,5555996,d
EU27_2020,2020,F,ED7,2934497,d
EU27_2020,2020,F,ED8,303851,d
EU27_2020,2020,M,ED0,7536812,d
EU27_2020,2020,M,ED1,11653225,d
EU27_2020,2020,M,ED2,9608413,d
EU27_2020,2020,M,ED3,8860501,d
EU27_2020,2020,M,ED4,578883,d
EU27_2020,2020,M,ED5,677806,d
EU27_2020,2020,M,ED6,4843095,d
EU27_2020,2020,M,ED7,2197612,d
EU27_2020,2020,M,ED8,322315,d
EU27_2020,2020,T,ED0,14628773,d
EU27_2020,2020,T,ED1,22679489,d
EU27_2020,2020,T,ED2,18615825,d
EU27_2020,2020,T,ED3,17254485,d
EU27_2020,2020,T,ED4,1386491,d
EU27_2020,2020,T,ED5,1318966,d
EU27_2020,2020,T,ED6,10399092,d
EU27_2020,2020,T,ED7,5132108,d
EU27_2020,2020,T,ED8,626166,d
EU27_2020,2021,F,ED0,7166179,d
EU27_2020,2021,F,ED1,11272196,
EU27_2020,2021,F,ED2,9137367,
EU27_2020,2021,F,ED3,8807120,
EU27_2020,2021,F,ED4,818652,
EU27_2020,2021,F,ED5,694348,
EU27_2020,2021,F,ED6,5932576,
EU27_2020,2021,F,ED7,3123399,
EU27_2020,2021,F,ED8,328028,
EU27_2020,2021,M,ED0,7624955,d
EU27_2020,2021,M,ED1,11903269,
EU27_2020,2021,M,ED2,9734604,
EU27_2020,2021,M,ED3,9259345,
EU27_2020,2021,M,ED4,600662,
EU27_2020,2021,M,ED5,739485,
EU27_2020,2021,M,ED6,5125916,
EU27_2020,2021,M,ED7,2311976,
EU27_2020,2021,M,ED8,343800,
EU27_2020,2021,T,ED0,14791134,d
EU27_2020,2021,T,ED1,23175465,
EU27_2020,2021,T,ED2,18871972,
EU27_2020,2021,T,ED3,18066466,
EU27_2020,2021,T,ED4,1419314,
EU27_2020,2021,T,ED5,1433833,
EU27_2020,2021,T,ED6,11058492,
EU27_2020,2021,T,ED7,5435376,
EU27_2020,2021,T,ED8,671828,
EU27_2020,2022,F,ED0,7219485,d
EU27_2020,2022,F,ED1,11213813,
EU27_2020,2022,F,ED2,9185174,
EU27_2020,2022,F,ED3,8903051,
EU27_2020,2022,F,ED4,832047,
EU27_2020,2022,F,ED5,688354,d
EU27_2020,2022,F,ED6,5975601,
EU27_2020,2022,F,ED7,3201018,
EU27_2020,2022,F,ED8,328224,d
EU27_2020,2022,M,ED0,7673089,d
EU27_2020,2022,M,ED1,11819443,
EU27_2020,2022,M,ED2,9759540,
EU27_2020,2022,M,ED3,9316539,
EU27_2020,2022,M,ED4,613612,
EU27_2020,2022,M,ED5,712363,d
EU27_2020,2022,M,ED6,5060678,
EU27_2020,2022,M,ED7,2307893,
EU27_2020,2022,M,ED8,341633,d
EU27_2020,2022,T,ED0,14892574,d
EU27_2020,2022,T,ED1,23033256,
EU27_2020,2022,T,ED2,18944715,
EU27_2020,2022,T,ED3,18219590,
EU27_2020,2022,T,ED4,1445659,
EU27_2020,2022,T,ED7,5508911,
EU27_2020,2022,T,ED8,669857,d
EU27_2020,2023,F,ED0,7191917,d
EU27_2020,2023,F,ED1,11317440,
EU27_2020,2023,F,ED2,9271200,
EU27_2020,2023,F,ED3,8949101,
EU27_2020,2023,F,ED4,831138,
EU27_2020,2023,F,ED5,690610,d
EU27_2020,2023,F,ED6,6037283,
EU27_2020,2023,F,ED7,3217476,
EU27_2020,2023,F,ED8,355187,
EU27_2020,2023,M,ED0,7632748,d
EU27_2020,2023,M,ED1,11927555,
EU27_2020,2023,M,ED2,9836485,
EU27_2020,2023,M,ED3,9329157,
EU27_2020,2023,M,ED4,601294,
EU27_2020,2023,M,ED5,706573,d
EU27_2020,2023,M,ED6,5132278,
EU27_2020,2023,M,ED7,2296674,
EU27_2020,2023,M,ED8,362164,
EU27_2020,2023,T,ED0,14824665,d
EU27_2020,2023,T,ED1,23244994,
EU27_2020,2023,T,ED2,19107685,
EU27_2020,2023,T,ED3,18278259,
EU27_2020,2023,T,ED4,1432432,
EU27_2020,2023,T,ED5,1397183,d
EU27_2020,2023,T,ED6,11169561,
EU27_2020,2023,T,ED7,5514151,
EU27_2020,2023,T,ED8,717351,
EU27_2020,2024,F,ED1,11300428,
EU27_2020,2024,F,ED2,9206078,
EU27_2020,2024,F,ED3,9077673,
EU27_2020,2024,F,ED4,832342,
EU27_2020,2024,F,ED5,724073,
EU27_2020,2024,F,ED6,6100733,
EU27_2020,2024,F,ED7,3280964,
EU27_2020,2024,F,ED8,361107,
EU27_2020,2024,M,ED1,11908951,
EU27_2020,2024,M,ED2,9800834,
EU27_2020,2024,M,ED3,9450020,
EU27_2020,2024,M,ED4,613305,
EU27_2020,2024,M,ED5,738212,
EU27_2020,2024,M,ED6,5143083,
EU27_2020,2024,M,ED7,2317245,
EU27_2020,2024,M,ED8,365635,
EU27_2020,2024,T,ED1,23209379,
EU27_2020,2024,T,ED2,19006912,
EU27_2020,2024,T,ED3,18527693,
EU27_2020,2024,T,ED4,1445646,
EU27_2020,2024,T,ED5,1462285,
EU27_2020,2024,T,ED6,11243815,
EU27_2020,2024,T,ED7,5598209,
EU27_2020,2024,T,ED8,726742,
IT,2013,F,ED0,811460,
IT,2013,F,ED1,1385684,
IT,2013,F,ED2,867488,
IT,2013,F,ED3,1346367,
IT,2013,F,ED4,3883,
IT,2013,F,ED5,590,
IT,2013,F,ED6,611059,
IT,2013,F,ED7,438888,
IT,2013,F,ED8,18012,
IT,2013,M,ED0,874635,
IT,2013,M,ED1,1475273,
IT,2013,M,ED2,946374,
IT,2013,M,ED3,1434073,
IT,2013,M,ED4,4298,
IT,2013,M,ED5,1896,
IT,2013,M,ED6,497201,
IT,2013,M,ED7,288131,
IT,2013,M,ED8,16916,
IT,2013,T,ED0,1686095,
IT,2013,T,ED1,2860957,
IT,2013,T,ED2,1813862,
IT,2013,T,ED3,2780440,
IT,2013,T,ED4,8181,
IT,2013,T,ED5,2486,
IT,2013,T,ED6,1108260,
IT,2013,T,ED7,727019,
IT,2013,T,ED8,34928,
IT,2014,F,ED1,1385795,
IT,2014,F,ED2,859065,
IT,2014,F,ED3,1353007,
IT,2014,F,ED4,3896,
IT,2014,F,ED5,1216,
IT,2014,F,ED6,597580,
IT,2014,F,ED7,436865,
IT,2014,F,ED8,17229,
IT,2014,M,ED1,1476871,
IT,2014,M,ED2,936181,
IT,2014,M,ED3,1448663,
IT,2014,M,ED4,3597,
IT,2014,M,ED5,3985,
IT,2014,M,ED6,493184,
IT,2014,M,ED7,288018,
IT,2014,M,ED8,16283,
IT,2014,T,ED1,2862666,
IT,2014,T,ED2,1795246,
IT,2014,T,ED3,2801670,
IT,2014,T,ED4,7493,
IT,2014,T,ED5,5201,
IT,2014,T,ED6,1090764,
IT,2014,T,ED7,724883,
IT,2014,T,ED8,33512,
IT,2015,F,ED1,1382597,
IT,2015,F,ED2,848846,
IT,2015,F,ED3,1366340,
IT,2015,F,ED4,667,
IT,2015,F,ED5,1637,
IT,2015,F,ED6,585317,
IT,2015,F,ED7,425244,
IT,2015,F,ED8,16684,
IT,2015,M,ED1,1473650,
IT,2015,M,ED2,923995,
IT,2015,M,ED3,1466836,
IT,2015,M,ED4,1036,
IT,2015,M,ED5,4911,
IT,2015,M,ED6,491350,
IT,2015,M,ED7,285243,
IT,2015,M,ED8,16091,
IT,2015,T,ED1,2856247,
IT,2015,T,ED2,1772841,
IT,2015,T,ED3,2833176,
IT,2015,T,ED4,1703,
IT,2015,T,ED5,6548,
IT,2015,T,ED6,1076667,
IT,2015,T,ED7,710487,
IT,2015,T,ED8,32775,
IT,2016,F,ED0,765202,
IT,2016,F,ED1,1373596,
IT,2016,F,ED2,847446,
IT,2016,F,ED3,1364940,
IT,2016,F,ED4,667,
IT,2016,F,ED5,2176,
IT,2016,F,ED6,581386,
IT,2016,F,ED7,416213,
IT,2016,F,ED8,16667,
IT,2016,M,ED0,834575,
IT,2016,M,ED1,1458225,
IT,2016,M,ED2,912244,
IT,2016,M,ED3,1464920,
IT,2016,M,ED4,1036,
IT,2016,M,ED5,6140,
IT,2016,M,ED6,494070,
IT,2016,M,ED7,283018,
IT,2016,M,ED8,16280,
IT,2016,T,ED0,1599777,
IT,2016,T,ED1,2831821,
IT,2016,T,ED2,1759690,
IT,2016,T,ED3,2829860,
IT,2016,T,ED4,1703,
IT,2016,T,ED5,8316,
IT,2016,T,ED6,1075456,
IT,2016,T,ED7,699231,
IT,2016,T,ED8,32947,
IT,2017,F,ED0,736433,
IT,2017,F,ED1,1386624,
IT,2017,F,ED2,844789,
IT,2017,F,ED3,1364533,d
IT,2017,F,ED4,,d
IT,2017,F,ED5,2982,
IT,2017,F,ED6,592866,
IT,2017,F,ED7,412155,
IT,2017,F,ED8,13974,
IT,2017,M,ED0,799060,
IT,2017,M,ED1,1515755,
IT,2017,M,ED2,926590,
IT,2017,M,ED3,1465957,d
IT,2017,M,ED4,,d
IT,2017,M,ED5,8032,
IT,2017,M,ED6,509271,
IT,2017,M,ED7,284016,
IT,2017,M,ED8,13755,
IT,2017,T,ED0,1535493,
IT,2017,T,ED1,2902379,
IT,2017,T,ED2,1771379,
IT,2017,T,ED3,2830490,d
IT,2017,T,ED4,,d
IT,2017,T,ED5,11014,
IT,2017,T,ED6,1102137,
IT,2017,T,ED7,696171,
IT,2017,T,ED8,27729,
IT,2018,F,ED0,715157,
IT,2018,F,ED1,1370089,
IT,2018,F,ED2,845383,
IT,2018,F,ED3,1374128,d
IT,2018,F,ED4,,d
IT,2018,F,ED5,3652,
IT,2018,F,ED6,612887,
IT,2018,F,ED7,420939,
IT,2018,F,ED8,14178,
IT,2018,M,ED0,776133,
IT,2018,M,ED1,1500674,
IT,2018,M,ED2,930493,
IT,2018,M,ED3,1480434,d
IT,2018,M,ED4,,d
IT,2018,M,ED5,9726,
IT,2018,M,ED6,527754,
IT,2018,M,ED7,292694,
IT,2018,M,ED8,14160,
IT,2018,T,ED0,1491290,
IT,2018,T,ED1,2870763,
IT,2018,T,ED2,1775876,
IT,2018,T,ED3,2854562,d
IT,2018,T,ED4,,d
IT,2018,T,ED5,13378,
IT,2018,T,ED6,1140641,
IT,2018,T,ED7,713633,
IT,2018,T,ED8,28338,
IT,2019,F,ED0,695626,
IT,2019,F,ED1,1363045,
IT,2019,F,ED2,847287,
IT,2019,F,ED3,1379175,d
IT,2019,F,ED4,,d
IT,2019,F,ED5,4612,
IT,2019,F,ED6,626170,
IT,2019,F,ED7,429547,
IT,2019,F,ED8,14522,
IT,2019,M,ED0,755167,
IT,2019,M,ED1,1471865,
IT,2019,M,ED2,931775,
IT,2019,M,ED3,1481933,d
IT,2019,M,ED4,,d
IT,2019,M,ED5,12196,
IT,2019,M,ED6,537813,
IT,2019,M,ED7,297943,
IT,2019,M,ED8,14958,
IT,2019,T,ED0,1450793,
IT,2019,T,ED1,2834910,
IT,2019,T,ED2,1779062,
IT,2019,T,ED3,2861108,d
IT,2019,T,ED4,,d
IT,2019,T,ED5,16808,
IT,2019,T,ED6,1163983,
IT,2019,T,ED7,727490,
IT,2019,T,ED8,29480,
IT,2020,F,ED0,679970,
IT,2020,F,ED1,1340610,
IT,2020,F,ED2,852334,
IT,2020,F,ED3,1376006,
IT,2020,F,ED4,1604,
IT,2020,F,ED5,5256,
IT,2020,F,ED6,667306,
IT,2020,F,ED7,445045,
IT,2020,F,ED8,15350,
IT,2020,M,ED0,735036,
IT,2020,M,ED1,1421934,
IT,2020,M,ED2,925182,
IT,2020,M,ED3,1482678,
IT,2020,M,ED4,2226,
IT,2020,M,ED5,14673,
IT,2020,M,ED6,559921,
IT,2020,M,ED7,307034,
IT,2020,M,ED8,16183,
IT,2020,T,ED0,1415006,
IT,2020,T,ED1,2762544,
IT,2020,T,ED2,1777516,
IT,2020,T,ED3,2858684,
IT,2020,T,ED4,3830,
IT,2020,T,ED5,19929,
IT,2020,T,ED6,1227227,
IT,2020,T,ED7,752079,
IT,2020,T,ED8,31533,
IT,2021,F,ED0,642462,
IT,2021,F,ED1,1291469,
IT,2021,F,ED2,842954,
IT,2021,F,ED3,1395692,
IT,2021,F,ED4,974,
IT,2021,F,ED5,6102,
IT,2021,F,ED6,675634,
IT,2021,F,ED7,474228,
IT,2021,F,ED8,15977,
IT,2021,M,ED0,695605,
IT,2021,M,ED1,1379542,
IT,2021,M,ED2,907855,
IT,2021,M,ED3,1502499,
IT,2021,M,ED4,1602,
IT,2021,M,ED5,17032,
IT,2021,M,ED6,569038,
IT,2021,M,ED7,321429,
IT,2021,M,ED8,17338,
IT,2021,T,ED0,1338067,
IT,2021,T,ED1,2671011,
IT,2021,T,ED2,1750809,
IT,2021,T,ED3,2898191,
IT,2021,T,ED4,2576,
IT,2021,T,ED5,23134,
IT,2021,T,ED6,1244672,
IT,2021,T,ED7,795657,
IT,2021,T,ED8,33315,
IT,2022,F,ED0,634053,
IT,2022,F,ED1,1273564,
IT,2022,F,ED2,834092,
IT,2022,F,ED3,1403040,
IT,2022,F,ED4,974,
IT,2022,F,ED5,7571,
IT,2022,F,ED6,694317,
IT,2022,F,ED7,485217,
IT,2022,F,ED8,18144,
IT,2022,M,ED0,685403,
IT,2022,M,ED1,1355883,
IT,2022,M,ED2,896671,
IT,2022,M,ED3,1506341,
IT,2022,M,ED4,1602,
IT,2022,M,ED5,20864,
IT,2022,M,ED6,577956,
IT,2022,M,ED7,321899,
IT,2022,M,ED8,19765,
IT,2022,T,ED0,1319456,
IT,2022,T,ED1,2629447,
IT,2022,T,ED2,1730763,
IT,2022,T,ED3,2909381,
IT,2022,T,ED4,2576,
IT,2022,T,ED5,28435,
IT,2022,T,ED6,1272273,
IT,2022,T,ED7,807116,
IT,2022,T,ED8,37909,
IT,2023,F,ED0,620157,
IT,2023,F,ED1,1268336,
IT,2023,F,ED2,827018,
IT,2023,F,ED3,1395756,
IT,2023,F,ED4,1667,
IT,2023,F,ED5,8717,
IT,2023,F,ED6,722129,
IT,2023,F,ED7,498572,
IT,2023,F,ED8,20601,
IT,2023,M,ED0,667641,
IT,2023,M,ED1,1356726,
IT,2023,M,ED2,888671,
IT,2023,M,ED3,1494601,
IT,2023,M,ED4,2669,
IT,2023,M,ED5,24461,
IT,2023,M,ED6,594530,
IT,2023,M,ED7,326114,
IT,2023,M,ED8,22087,
IT,2023,T,ED0,1287798,
IT,2023,T,ED1,2625062,
IT,2023,T,ED2,1715689,
IT,2023,T,ED3,2890357,
IT,2023,T,ED4,4336,
IT,2023,T,ED5,33178,
IT,2023,T,ED6,1316659,
IT,2023,T,ED7,824686,
IT,2023,T,ED8,42688,
IT,2024,F,ED1,1243228,
IT,2024,F,ED2,817194,
IT,2024,F,ED3,1394915,
IT,2024,F,ED4,1925,
IT,2024,F,ED5,9712,
IT,2024,F,ED6,747814,
IT,2024,F,ED7,529291,
IT,2024,F,ED8,23500,
IT,2024,M,ED1,1352064,
IT,2024,M,ED2,880310,
IT,2024,M,ED3,1489783,
IT,2024,M,ED4,3276,
IT,2024,M,ED5,27206,
IT,2024,M,ED6,610542,
IT,2024,M,ED7,339302,
IT,2024,M,ED8,24459,
IT,2024,T,ED1,2595292,
IT,2024,T,ED2,1697504,
IT,2024,T,ED3,2884698,
IT,2024,T,ED4,5201,
IT,2024,T,ED5,36918,
IT,2024,T,ED6,1358356,
IT,2024,T,ED7,868593,
IT,2024,T,ED8,47959,
ITF1,2013,F,ED0,17400,
ITF1,2013,F,ED1,27527,
ITF1,2013,F,ED2,17524,
ITF1,2013,F,ED3,28707,
ITF1,2013,F,ED4,0,
ITF1,2013,F,ED5,14,
ITF1,2013,F,ED6,22793,
ITF1,2013,F,ED7,15674,
ITF1,2013,F,ED8,484,
ITF1,2013,M,ED0,18741,
ITF1,2013,M,ED1,29557,
ITF1,2013,M,ED2,19155,
ITF1,2013,M,ED3,30956,
ITF1,2013,M,ED4,0,
ITF1,2013,M,ED5,62,
ITF1,2013,M,ED6,16005,
ITF1,2013,M,ED7,9089,
ITF1,2013,M,ED8,396,
ITF1,2013,T,ED0,36141,
ITF1,2013,T,ED1,57084,
ITF1,2013,T,ED2,36679,
ITF1,2013,T,ED3,59663,
ITF1,2013,T,ED4,0,
ITF1,2013,T,ED5,76,
ITF1,2013,T,ED6,38798,
ITF1,2013,T,ED7,24763,
ITF1,2013,T,ED8,880,
ITF1,2014,F,ED1,27699,
ITF1,2014,F,ED2,17127,
ITF1,2014,F,ED3,28367,
ITF1,2014,F,ED4,0,
ITF1,2014,F,ED5,38,
ITF1,2014,F,ED6,22483,
ITF1,2014,F,ED7,15590,
ITF1,2014,F,ED8,459,
ITF1,2014,M,ED1,29603,
ITF1,2014,M,ED2,18878,
ITF1,2014,M,ED3,30581,
ITF1,2014,M,ED4,0,
ITF1,2014,M,ED5,117,
ITF1,2014,M,ED6,15876,
ITF1,2014,M,ED7,9023,
ITF1,2014,M,ED8,358,
ITF1,2014,T,ED1,57302,
ITF1,2014,T,ED2,36005,
ITF1,2014,T,ED3,58948,
ITF1,2014,T,ED4,0,
ITF1,2014,T,ED5,155,
ITF1,2014,T,ED6,38359,
ITF1,2014,T,ED7,24613,
ITF1,2014,T,ED8,817,
ITF1,2015,F,ED1,27680,
ITF1,2015,F,ED2,16864,
ITF1,2015,F,ED3,28426,
ITF1,2015,F,ED4,0,
ITF1,2015,F,ED5,64,
ITF1,2015,F,ED6,19862,
ITF1,2015,F,ED7,14364,
ITF1,2015,F,ED8,418,
ITF1,2015,M,ED1,29512,
ITF1,2015,M,ED2,18440,
ITF1,2015,M,ED3,30794,
ITF1,2015,M,ED4,0,
ITF1,2015,M,ED5,138,
ITF1,2015,M,ED6,13953,
ITF1,2015,M,ED7,7962,
ITF1,2015,M,ED8,353,
ITF1,2015,T,ED1,57192,
ITF1,2015,T,ED2,35304,
ITF1,2015,T,ED3,59220,
ITF1,2015,T,ED4,0,
ITF1,2015,T,ED5,202,
ITF1,2015,T,ED6,33815,
ITF1,2015,T,ED7,22326,
ITF1,2015,T,ED8,771,
ITF1,2016,F,ED0,16558,
ITF1,2016,F,ED1,27628,
ITF1,2016,F,ED2,16744,
ITF1,2016,F,ED3,27965,
ITF1,2016,F,ED4,0,
ITF1,2016,F,ED5,34,
ITF1,2016,F,ED6,18519,
ITF1,2016,F,ED7,13226,
ITF1,2016,F,ED8,416,
ITF1,2016,M,ED0,18452,
ITF1,2016,M,ED1,29161,
ITF1,2016,M,ED2,18271,
ITF1,2016,M,ED3,30329,
ITF1,2016,M,ED4,0,
ITF1,2016,M,ED5,146,
ITF1,2016,M,ED6,13289,
ITF1,2016,M,ED7,7443,
ITF1,2016,M,ED8,354,
ITF1,2016,T,ED0,35010,
ITF1,2016,T,ED1,56789,
ITF1,2016,T,ED2,35015,
ITF1,2016,T,ED3,58294,
ITF1,2016,T,ED4,0,
ITF1,2016,T,ED5,180,
ITF1,2016,T,ED6,31808,
ITF1,2016,T,ED7,20669,
ITF1,2016,T,ED8,770,
ITF1,2017,F,ED0,15787,
ITF1,2017,F,ED1,28165,
ITF1,2017,F,ED2,16920,
ITF1,2017,F,ED3,27531,d
ITF1,2017,F,ED4,,d
ITF1,2017,F,ED5,85,
ITF1,2017,F,ED6,18184,
ITF1,2017,F,ED7,12885,
ITF1,2017,F,ED8,300,
ITF1,2017,M,ED0,17712,
ITF1,2017,M,ED1,30440,
ITF1,2017,M,ED2,18286,
ITF1,2017,M,ED3,30008,d
ITF1,2017,M,ED4,,d
ITF1,2017,M,ED5,191,
ITF1,2017,M,ED6,13212,
ITF1,2017,M,ED7,7257,
ITF1,2017,M,ED8,276,
ITF1,2017,T,ED0,33499,
ITF1,2017,T,ED1,58605,
ITF1,2017,T,ED2,35206,
ITF1,2017,T,ED3,57539,d
ITF1,2017,T,ED4,,d
ITF1,2017,T,ED5,276,
ITF1,2017,T,ED6,31396,
ITF1,2017,T,ED7,20142,
ITF1,2017,T,ED8,576,
ITF1,2018,F,ED0,15550,
ITF1,2018,F,ED1,27528,
ITF1,2018,F,ED2,16905,
ITF1,2018,F,ED3,27294,d
ITF1,2018,F,ED4,,d
ITF1,2018,F,ED5,112,
ITF1,2018,F,ED6,17284,
ITF1,2018,F,ED7,12254,
ITF1,2018,F,ED8,337,
ITF1,2018,M,ED0,17105,
ITF1,2018,M,ED1,29525,
ITF1,2018,M,ED2,18368,
ITF1,2018,M,ED3,29742,d
ITF1,2018,M,ED4,,d
ITF1,2018,M,ED5,216,
ITF1,2018,M,ED6,12887,
ITF1,2018,M,ED7,6900,
ITF1,2018,M,ED8,320,
ITF1,2018,T,ED0,32655,
ITF1,2018,T,ED1,57053,
ITF1,2018,T,ED2,35273,
ITF1,2018,T,ED3,57036,d
ITF1,2018,T,ED4,,d
ITF1,2018,T,ED5,328,
ITF1,2018,T,ED6,30171,
ITF1,2018,T,ED7,19154,
ITF1,2018,T,ED8,657,
ITF1,2019,F,ED0,15086,
ITF1,2019,F,ED1,27613,
ITF1,2019,F,ED2,16927,
ITF1,2019,F,ED3,27145,d
ITF1,2019,F,ED4,,d
ITF1,2019,F,ED5,147,
ITF1,2019,F,ED6,16777,
ITF1,2019,F,ED7,11932,
ITF1,2019,F,ED8,357,
ITF1,2019,M,ED0,16681,
ITF1,2019,M,ED1,29777,
ITF1,2019,M,ED2,18289,
ITF1,2019,M,ED3,29714,d
ITF1,2019,M,ED4,,d
ITF1,2019,M,ED5,320,
ITF1,2019,M,ED6,12526,
ITF1,2019,M,ED7,6836,
ITF1,2019,M,ED8,370,
ITF1,2019,T,ED0,31767,
ITF1,2019,T,ED1,57390,
ITF1,2019,T,ED2,35216,
ITF1,2019,T,ED3,56859,d
ITF1,2019,T,ED4,,d
ITF1,2019,T,ED5,467,
ITF1,2019,T,ED6,29303,
ITF1,2019,T,ED7,18768,
ITF1,2019,T,ED8,727,
ITF1,2020,F,ED0,14818,
ITF1,2020,F,ED1,27475,
ITF1,2020,F,ED2,16880,
ITF1,2020,F,ED3,27260,
ITF1,2020,F,ED4,0,
ITF1,2020,F,ED5,155,
ITF1,2020,F,ED6,16556,
ITF1,2020,F,ED7,11745,
ITF1,2020,F,ED8,381,
ITF1,2020,M,ED0,16324,
ITF1,2020,M,ED1,29310,
ITF1,2020,M,ED2,18268,
ITF1,2020,M,ED3,29993,
ITF1,2020,M,ED4,0,
ITF1,2020,M,ED5,444,
ITF1,2020,M,ED6,12406,
ITF1,2020,M,ED7,6703,
ITF1,2020,M,ED8,381,
ITF1,2020,T,ED0,31142,
ITF1,2020,T,ED1,56785,
ITF1,2020,T,ED2,35148,
ITF1,2020,T,ED3,57253,
ITF1,2020,T,ED4,0,
ITF1,2020,T,ED5,599,
ITF1,2020,T,ED6,28962,
ITF1,2020,T,ED7,18448,
ITF1,2020,T,ED8,762,
ITF1,2021,F,ED0,14217,
ITF1,2021,F,ED1,26359,
ITF1,2021,F,ED2,16686,
ITF1,2021,F,ED3,27166,
ITF1,2021,F,ED4,0,
ITF1,2021,F,ED5,139,
ITF1,2021,F,ED6,16800,
ITF1,2021,F,ED7,11782,
ITF1,2021,F,ED8,393,
ITF1,2021,M,ED0,15671,
ITF1,2021,M,ED1,28352,
ITF1,2021,M,ED2,17896,
ITF1,2021,M,ED3,29780,
ITF1,2021,M,ED4,0,
ITF1,2021,M,ED5,449,
ITF1,2021,M,ED6,12422,
ITF1,2021,M,ED7,6892,
ITF1,2021,M,ED8,397,
ITF1,2021,T,ED0,29888,
ITF1,2021,T,ED1,54711,
ITF1,2021,T,ED2,34582,
ITF1,2021,T,ED3,56946,
ITF1,2021,T,ED4,0,
ITF1,2021,T,ED5,588,
ITF1,2021,T,ED6,29222,
ITF1,2021,T,ED7,18674,
ITF1,2021,T,ED8,790,
ITF1,2022,F,ED0,13769,
ITF1,2022,F,ED1,26008,
ITF1,2022,F,ED2,16695,
ITF1,2022,F,ED3,27364,
ITF1,2022,F,ED4,0,
ITF1,2022,F,ED5,126,
ITF1,2022,F,ED6,16144,
ITF1,2022,F,ED7,11352,
ITF1,2022,F,ED8,454,
ITF1,2022,M,ED0,15098,
ITF1,2022,M,ED1,28161,
ITF1,2022,M,ED2,17793,
ITF1,2022,M,ED3,29812,
ITF1,2022,M,ED4,0,
ITF1,2022,M,ED5,375,
ITF1,2022,M,ED6,12245,
ITF1,2022,M,ED7,6660,
ITF1,2022,M,ED8,452,
ITF1,2022,T,ED0,28867,
ITF1,2022,T,ED1,54169,
ITF1,2022,T,ED2,34488,
ITF1,2022,T,ED3,57176,
ITF1,2022,T,ED4,0,
ITF1,2022,T,ED5,501,
ITF1,2022,T,ED6,28389,
ITF1,2022,T,ED7,18012,
ITF1,2022,T,ED8,906,
ITF1,2023,F,ED0,13388,
ITF1,2023,F,ED1,26721,
ITF1,2023,F,ED2,16566,
ITF1,2023,F,ED3,27319,
ITF1,2023,F,ED4,0,
ITF1,2023,F,ED5,120,
ITF1,2023,F,ED6,16503,
ITF1,2023,F,ED7,11447,
ITF1,2023,F,ED8,512,
ITF1,2023,M,ED0,14558,
ITF1,2023,M,ED1,28628,
ITF1,2023,M,ED2,17827,
ITF1,2023,M,ED3,29355,
ITF1,2023,M,ED4,0,
ITF1,2023,M,ED5,387,
ITF1,2023,M,ED6,12219,
ITF1,2023,M,ED7,6640,
ITF1,2023,M,ED8,499,
ITF1,2023,T,ED0,27946,
ITF1,2023,T,ED1,55349,
ITF1,2023,T,ED2,34393,
ITF1,2023,T,ED3,56674,
ITF1,2023,T,ED4,0,
ITF1,2023,T,ED5,507,
ITF1,2023,T,ED6,28722,
ITF1,2023,T,ED7,18087,
ITF1,2023,T,ED8,1011,
ITF1,2024,F,ED1,26002,
ITF1,2024,F,ED2,16521,
ITF1,2024,F,ED3,27541,
ITF1,2024,F,ED4,0,
ITF1,2024,F,ED5,174,
ITF1,2024,F,ED6,16126,
ITF1,2024,F,ED7,11827,
ITF1,2024,F,ED8,578,
ITF1,2024,M,ED1,28582,
ITF1,2024,M,ED2,17751,
ITF1,2024,M,ED3,29148,
ITF1,2024,M,ED4,0,
ITF1,2024,M,ED5,527,
ITF1,2024,M,ED6,12577,
ITF1,2024,M,ED7,6735,
ITF1,2024,M,ED8,530,
ITF1,2024,T,ED1,54584,
ITF1,2024,T,ED2,34272,
ITF1,2024,T,ED3,56689,
ITF1,2024,T,ED4,0,
ITF1,2024,T,ED5,701,
ITF1,2024,T,ED6,28703,
ITF1,2024,T,ED7,18562,
ITF1,2024,T,ED8,1108,
ITH5,2013,F,ED0,55787,
ITH5,2013,F,ED1,96333,
ITH5,2013,F,ED2,58024,
ITH5,2013,F,ED3,86906,
ITH5,2013,F,ED4,0,
ITH5,2013,F,ED5,56,
ITH5,2013,F,ED6,45275,
ITH5,2013,F,ED7,37115,
ITH5,2013,F,ED8,1461,
ITH5,2013,M,ED0,60149,
ITH5,2013,M,ED1,102358,
ITH5,2013,M,ED2,63564,
ITH5,2013,M,ED3,93592,
ITH5,2013,M,ED4,0,
ITH5,2013,M,ED5,198,
ITH5,2013,M,ED6,39590,
ITH5,2013,M,ED7,24786,
ITH5,2013,M,ED8,1362,
ITH5,2013,T,ED0,115936,
ITH5,2013,T,ED1,198691,
ITH5,2013,T,ED2,121588,
ITH5,2013,T,ED3,180498,
ITH5,2013,T,ED4,0,
ITH5,2013,T,ED5,254,
ITH5,2013,T,ED6,84865,
ITH5,2013,T,ED7,61901,
ITH5,2013,T,ED8,2823,
ITH5,2014,F,ED1,97267,
ITH5,2014,F,ED2,58239,
ITH5,2014,F,ED3,88934,
ITH5,2014,F,ED4,0,
ITH5,2014,F,ED5,161,
ITH5,2014,F,ED6,45718,
ITH5,2014,F,ED7,37839,
ITH5,2014,F,ED8,1462,
ITH5,2014,M,ED1,103583,
ITH5,2014,M,ED2,64150,
ITH5,2014,M,ED3,95408,
ITH5,2014,M,ED4,0,
ITH5,2014,M,ED5,516,
ITH5,2014,M,ED6,40149,
ITH5,2014,M,ED7,25618,
ITH5,2014,M,ED8,1422,
ITH5,2014,T,ED1,200850,
ITH5,2014,T,ED2,122389,
ITH5,2014,T,ED3,184342,
ITH5,2014,T,ED4,0,
ITH5,2014,T,ED5,677,
ITH5,2014,T,ED6,85867,
ITH5,2014,T,ED7,63457,
ITH5,2014,T,ED8,2884,
ITH5,2015,F,ED1,98253,
ITH5,2015,F,ED2,58037,
ITH5,2015,F,ED3,90856,
ITH5,2015,F,ED4,205,
ITH5,2015,F,ED5,190,
ITH5,2015,F,ED6,43048,
ITH5,2015,F,ED7,37208,
ITH5,2015,F,ED8,1339,
ITH5,2015,M,ED1,104661,
ITH5,2015,M,ED2,63912,
ITH5,2015,M,ED3,97564,
ITH5,2015,M,ED4,434,
ITH5,2015,M,ED5,580,
ITH5,2015,M,ED6,38178,
ITH5,2015,M,ED7,25457,
ITH5,2015,M,ED8,1332,
ITH5,2015,T,ED1,202914,
ITH5,2015,T,ED2,121949,
ITH5,2015,T,ED3,188420,
ITH5,2015,T,ED4,639,
ITH5,2015,T,ED5,770,
ITH5,2015,T,ED6,81226,
ITH5,2015,T,ED7,62665,
ITH5,2015,T,ED8,2671,
ITH5,2016,F,ED0,53794,
ITH5,2016,F,ED1,98934,
ITH5,2016,F,ED2,57643,
ITH5,2016,F,ED3,92179,
ITH5,2016,F,ED4,205,
ITH5,2016,F,ED5,221,
ITH5,2016,F,ED6,44816,
ITH5,2016,F,ED7,38188,
ITH5,2016,F,ED8,1575,
ITH5,2016,M,ED0,58172,
ITH5,2016,M,ED1,105057,
ITH5,2016,M,ED2,62404,
ITH5,2016,M,ED3,98862,
ITH5,2016,M,ED4,434,
ITH5,2016,M,ED5,649,
ITH5,2016,M,ED6,40390,
ITH5,2016,M,ED7,26475,
ITH5,2016,M,ED8,1599,
ITH5,2016,T,ED0,111966,
ITH5,2016,T,ED1,203991,
ITH5,2016,T,ED2,120047,
ITH5,2016,T,ED3,191041,
ITH5,2016,T,ED4,639,
ITH5,2016,T,ED5,870,
ITH5,2016,T,ED6,85206,
ITH5,2016,T,ED7,64663,
ITH5,2016,T,ED8,3174,
ITH5,2017,F,ED0,52744,
ITH5,2017,F,ED1,102984,
ITH5,2017,F,ED2,58274,
ITH5,2017,F,ED3,93465,d
ITH5,2017,F,ED4,,d
ITH5,2017,F,ED5,256,
ITH5,2017,F,ED6,46871,
ITH5,2017,F,ED7,38436,
ITH5,2017,F,ED8,1124,
ITH5,2017,M,ED0,56562,
ITH5,2017,M,ED1,112227,
ITH5,2017,M,ED2,64184,
ITH5,2017,M,ED3,100883,d
ITH5,2017,M,ED4,,d
ITH5,2017,M,ED5,723,
ITH5,2017,M,ED6,41745,
ITH5,2017,M,ED7,26739,
ITH5,2017,M,ED8,1166,
ITH5,2017,T,ED0,109306,
ITH5,2017,T,ED1,215211,
ITH5,2017,T,ED2,122458,
ITH5,2017,T,ED3,194348,d
ITH5,2017,T,ED4,,d
ITH5,2017,T,ED5,979,
ITH5,2017,T,ED6,88616,
ITH5,2017,T,ED7,65175,
ITH5,2017,T,ED8,2290,
ITH5,2018,F,ED0,51665,
ITH5,2018,F,ED1,102247,
ITH5,2018,F,ED2,59252,
ITH5,2018,F,ED3,94433,d
ITH5,2018,F,ED4,,d
ITH5,2018,F,ED5,282,
ITH5,2018,F,ED6,49923,
ITH5,2018,F,ED7,39264,
ITH5,2018,F,ED8,1151,
ITH5,2018,M,ED0,55467,
ITH5,2018,M,ED1,112033,
ITH5,2018,M,ED2,65053,
ITH5,2018,M,ED3,102220,d
ITH5,2018,M,ED4,,d
ITH5,2018,M,ED5,807,
ITH5,2018,M,ED6,44171,
ITH5,2018,M,ED7,27503,
ITH5,2018,M,ED8,1223,
ITH5,2018,T,ED0,107132,
ITH5,2018,T,ED1,214280,
ITH5,2018,T,ED2,124305,
ITH5,2018,T,ED3,196653,d
ITH5,2018,T,ED4,,d
ITH5,2018,T,ED5,1089,
ITH5,2018,T,ED6,94094,
ITH5,2018,T,ED7,66767,
ITH5,2018,T,ED8,2374,
ITH5,2019,F,ED0,50766,
ITH5,2019,F,ED1,102526,
ITH5,2019,F,ED2,60361,
ITH5,2019,F,ED3,95624,d
ITH5,2019,F,ED4,,d
ITH5,2019,F,ED5,349,
ITH5,2019,F,ED6,52938,
ITH5,2019,F,ED7,39876,
ITH5,2019,F,ED8,1271,
ITH5,2019,M,ED0,53907,
ITH5,2019,M,ED1,110321,
ITH5,2019,M,ED2,66488,
ITH5,2019,M,ED3,103334,d
ITH5,2019,M,ED4,,d
ITH5,2019,M,ED5,963,
ITH5,2019,M,ED6,44919,
ITH5,2019,M,ED7,27812,
ITH5,2019,M,ED8,1357,
ITH5,2019,T,ED0,104673,
ITH5,2019,T,ED1,212847,
ITH5,2019,T,ED2,126849,
ITH5,2019,T,ED3,198958,d
ITH5,2019,T,ED4,,d
ITH5,2019,T,ED5,1312,
ITH5,2019,T,ED6,97857,
ITH5,2019,T,ED7,67688,
ITH5,2019,T,ED8,2628,
ITH5,2020,F,ED0,49392,
ITH5,2020,F,ED1,102506,
ITH5,2020,F,ED2,61411,
ITH5,2020,F,ED3,96639,
ITH5,2020,F,ED4,396,
ITH5,2020,F,ED5,414,
ITH5,2020,F,ED6,55475,
ITH5,2020,F,ED7,41247,
ITH5,2020,F,ED8,1401,
ITH5,2020,M,ED0,52853,
ITH5,2020,M,ED1,107374,
ITH5,2020,M,ED2,67011,
ITH5,2020,M,ED3,104243,
ITH5,2020,M,ED4,684,
ITH5,2020,M,ED5,1185,
ITH5,2020,M,ED6,46529,
ITH5,2020,M,ED7,28840,
ITH5,2020,M,ED8,1499,
ITH5,2020,T,ED0,102245,
ITH5,2020,T,ED1,209880,
ITH5,2020,T,ED2,128422,
ITH5,2020,T,ED3,200882,
ITH5,2020,T,ED4,1080,
ITH5,2020,T,ED5,1599,
ITH5,2020,T,ED6,102004,
ITH5,2020,T,ED7,70087,
ITH5,2020,T,ED8,2900,
ITH5,2021,F,ED0,46340,
ITH5,2021,F,ED1,97244,
ITH5,2021,F,ED2,61958,
ITH5,2021,F,ED3,98450,
ITH5,2021,F,ED4,332,
ITH5,2021,F,ED5,462,
ITH5,2021,F,ED6,57734,
ITH5,2021,F,ED7,44497,
ITH5,2021,F,ED8,1511,
ITH5,2021,M,ED0,49943,
ITH5,2021,M,ED1,103027,
ITH5,2021,M,ED2,66686,
ITH5,2021,M,ED3,107028,
ITH5,2021,M,ED4,575,
ITH5,2021,M,ED5,1342,
ITH5,2021,M,ED6,47538,
ITH5,2021,M,ED7,30893,
ITH5,2021,M,ED8,1634,
ITH5,2021,T,ED0,96283,
ITH5,2021,T,ED1,200271,
ITH5,2021,T,ED2,128644,
ITH5,2021,T,ED3,205478,
ITH5,2021,T,ED4,907,
ITH5,2021,T,ED5,1804,
ITH5,2021,T,ED6,105272,
ITH5,2021,T,ED7,75390,
ITH5,2021,T,ED8,3145,
ITH5,2022,F,ED0,45405,
ITH5,2022,F,ED1,95983,
ITH5,2022,F,ED2,61875,
ITH5,2022,F,ED3,99759,
ITH5,2022,F,ED4,332,
ITH5,2022,F,ED5,508,
ITH5,2022,F,ED6,58478,
ITH5,2022,F,ED7,46300,
ITH5,2022,F,ED8,1731,
ITH5,2022,M,ED0,49705,
ITH5,2022,M,ED1,100863,
ITH5,2022,M,ED2,66477,
ITH5,2022,M,ED3,108166,
ITH5,2022,M,ED4,575,
ITH5,2022,M,ED5,1558,
ITH5,2022,M,ED6,47947,
ITH5,2022,M,ED7,30872,
ITH5,2022,M,ED8,1881,
ITH5,2022,T,ED0,95110,
ITH5,2022,T,ED1,196846,
ITH5,2022,T,ED2,128352,
ITH5,2022,T,ED3,207925,
ITH5,2022,T,ED4,907,
ITH5,2022,T,ED5,2066,
ITH5,2022,T,ED6,106425,
ITH5,2022,T,ED7,77172,
ITH5,2022,T,ED8,3612,
ITH5,2023,F,ED0,44839,
ITH5,2023,F,ED1,96858,
ITH5,2023,F,ED2,61758,
ITH5,2023,F,ED3,100803,
ITH5,2023,F,ED4,447,
ITH5,2023,F,ED5,522,
ITH5,2023,F,ED6,58008,
ITH5,2023,F,ED7,46997,
ITH5,2023,F,ED8,2005,
ITH5,2023,M,ED0,48482,
ITH5,2023,M,ED1,102319,
ITH5,2023,M,ED2,66256,
ITH5,2023,M,ED3,108111,
ITH5,2023,M,ED4,869,
ITH5,2023,M,ED5,1816,
ITH5,2023,M,ED6,47918,
ITH5,2023,M,ED7,30776,
ITH5,2023,M,ED8,2163,
ITH5,2023,T,ED0,93321,
ITH5,2023,T,ED1,199177,
ITH5,2023,T,ED2,128014,
ITH5,2023,T,ED3,208914,
ITH5,2023,T,ED4,1316,
ITH5,2023,T,ED5,2338,
ITH5,2023,T,ED6,105926,
ITH5,2023,T,ED7,77773,
ITH5,2023,T,ED8,4168,
ITH5,2024,F,ED1,95196,
ITH5,2024,F,ED2,61048,
ITH5,2024,F,ED3,102277,
ITH5,2024,F,ED4,557,
ITH5,2024,F,ED5,535,
ITH5,2024,F,ED6,57875,
ITH5,2024,F,ED7,48983,
ITH5,2024,F,ED8,2265,
ITH5,2024,M,ED1,102598,
ITH5,2024,M,ED2,66154,
ITH5,2024,M,ED3,109112,
ITH5,2024,M,ED4,1087,
ITH5,2024,M,ED5,2080,
ITH5,2024,M,ED6,47572,
ITH5,2024,M,ED7,31399,
ITH5,2024,M,ED8,2301,
ITH5,2024,T,ED1,197794,
ITH5,2024,T,ED2,127202,
ITH5,2024,T,ED3,211389,
ITH5,2024,T,ED4,1644,
ITH5,2024,T,ED5,2615,
ITH5,2024,T,ED6,105447,
ITH5,2024,T,ED7,80382,
ITH5,2024,T,ED8,4566,
ITI1,2013,F,ED0,45714,
ITI1,2013,F,ED1,78466,
ITI1,2013,F,ED2,47070,
ITI1,2013,F,ED3,73938,
ITI1,2013,F,ED4,0,
ITI1,2013,F,ED5,10,
ITI1,2013,F,ED6,38293,
ITI1,2013,F,ED7,31142,
ITI1,2013,F,ED8,1386,
ITI1,2013,M,ED0,49956,
ITI1,2013,M,ED1,84133,
ITI1,2013,M,ED2,51502,
ITI1,2013,M,ED3,78870,
ITI1,2013,M,ED4,0,
ITI1,2013,M,ED5,50,
ITI1,2013,M,ED6,31735,
ITI1,2013,M,ED7,21292,
ITI1,2013,M,ED8,1555,
ITI1,2013,T,ED0,95670,
ITI1,2013,T,ED1,162599,
ITI1,2013,T,ED2,98572,
ITI1,2013,T,ED3,152808,
ITI1,2013,T,ED4,0,
ITI1,2013,T,ED5,60,
ITI1,2013,T,ED6,70028,
ITI1,2013,T,ED7,52434,
ITI1,2013,T,ED8,2941,
ITI1,2014,F,ED1,78974,
ITI1,2014,F,ED2,47438,
ITI1,2014,F,ED3,75100,
ITI1,2014,F,ED4,0,
ITI1,2014,F,ED5,41,
ITI1,2014,F,ED6,38016,
ITI1,2014,F,ED7,30618,
ITI1,2014,F,ED8,1129,
ITI1,2014,M,ED1,84930,
ITI1,2014,M,ED2,51697,
ITI1,2014,M,ED3,80860,
ITI1,2014,M,ED4,0,
ITI1,2014,M,ED5,129,
ITI1,2014,M,ED6,31828,
ITI1,2014,M,ED7,20540,
ITI1,2014,M,ED8,1239,
ITI1,2014,T,ED1,163904,
ITI1,2014,T,ED2,99135,
ITI1,2014,T,ED3,155960,
ITI1,2014,T,ED4,0,
ITI1,2014,T,ED5,170,
ITI1,2014,T,ED6,69844,
ITI1,2014,T,ED7,51158,
ITI1,2014,T,ED8,2368,
ITI1,2015,F,ED1,79426,
ITI1,2015,F,ED2,47305,
ITI1,2015,F,ED3,76205,
ITI1,2015,F,ED4,165,
ITI1,2015,F,ED5,57,
ITI1,2015,F,ED6,36820,
ITI1,2015,F,ED7,28695,
ITI1,2015,F,ED8,1366,
ITI1,2015,M,ED1,85573,
ITI1,2015,M,ED2,51576,
ITI1,2015,M,ED3,82078,
ITI1,2015,M,ED4,116,
ITI1,2015,M,ED5,160,
ITI1,2015,M,ED6,31413,
ITI1,2015,M,ED7,19315,
ITI1,2015,M,ED8,1604,
ITI1,2015,T,ED1,164999,
ITI1,2015,T,ED2,98881,
ITI1,2015,T,ED3,158283,
ITI1,2015,T,ED4,281,
ITI1,2015,T,ED5,217,
ITI1,2015,T,ED6,68233,
ITI1,2015,T,ED7,48010,
ITI1,2015,T,ED8,2970,
ITI1,2016,F,ED0,44646,
ITI1,2016,F,ED1,78468,
ITI1,2016,F,ED2,47341,
ITI1,2016,F,ED3,77158,
ITI1,2016,F,ED4,165,
ITI1,2016,F,ED5,106,
ITI1,2016,F,ED6,38556,
ITI1,2016,F,ED7,29305,
ITI1,2016,F,ED8,1136,
ITI1,2016,M,ED0,47821,
ITI1,2016,M,ED1,84738,
ITI1,2016,M,ED2,52139,
ITI1,2016,M,ED3,83058,
ITI1,2016,M,ED4,116,
ITI1,2016,M,ED5,223,
ITI1,2016,M,ED6,32490,
ITI1,2016,M,ED7,19947,
ITI1,2016,M,ED8,1375,
ITI1,2016,T,ED0,92467,
ITI1,2016,T,ED1,163206,
ITI1,2016,T,ED2,99480,
ITI1,2016,T,ED3,160216,
ITI1,2016,T,ED4,281,
ITI1,2016,T,ED5,329,
ITI1,2016,T,ED6,71046,
ITI1,2016,T,ED7,49252,
ITI1,2016,T,ED8,2511,
ITI1,2017,F,ED0,43099,
ITI1,2017,F,ED1,80172,
ITI1,2017,F,ED2,47790,
ITI1,2017,F,ED3,77815,d
ITI1,2017,F,ED4,,d
ITI1,2017,F,ED5,297,
ITI1,2017,F,ED6,39568,
ITI1,2017,F,ED7,28834,
ITI1,2017,F,ED8,1221,
ITI1,2017,M,ED0,46301,
ITI1,2017,M,ED1,89025,
ITI1,2017,M,ED2,53118,
ITI1,2017,M,ED3,83978,d
ITI1,2017,M,ED4,,d
ITI1,2017,M,ED5,462,
ITI1,2017,M,ED6,33203,
ITI1,2017,M,ED7,19684,
ITI1,2017,M,ED8,1440,
ITI1,2017,T,ED0,89400,
ITI1,2017,T,ED1,169197,
ITI1,2017,T,ED2,100908,
ITI1,2017,T,ED3,161793,d
ITI1,2017,T,ED4,,d
ITI1,2017,T,ED5,759,
ITI1,2017,T,ED6,72771,
ITI1,2017,T,ED7,48518,
ITI1,2017,T,ED8,2661,
ITI1,2018,F,ED0,41846,
ITI1,2018,F,ED1,80019,
ITI1,2018,F,ED2,48447,
ITI1,2018,F,ED3,78588,d
ITI1,2018,F,ED4,,d
ITI1,2018,F,ED5,378,
ITI1,2018,F,ED6,39875,
ITI1,2018,F,ED7,29160,
ITI1,2018,F,ED8,1309,
ITI1,2018,M,ED0,45087,
ITI1,2018,M,ED1,88737,
ITI1,2018,M,ED2,53743,
ITI1,2018,M,ED3,86237,d
ITI1,2018,M,ED4,,d
ITI1,2018,M,ED5,550,
ITI1,2018,M,ED6,33805,
ITI1,2018,M,ED7,20033,
ITI1,2018,M,ED8,1485,
ITI1,2018,T,ED0,86933,
ITI1,2018,T,ED1,168756,
ITI1,2018,T,ED2,102190,
ITI1,2018,T,ED3,164825,d
ITI1,2018,T,ED4,,d
ITI1,2018,T,ED5,928,
ITI1,2018,T,ED6,73680,
ITI1,2018,T,ED7,49193,
ITI1,2018,T,ED8,2794,
ITI1,2019,F,ED0,40451,
ITI1,2019,F,ED1,80108,
ITI1,2019,F,ED2,48838,
ITI1,2019,F,ED3,79683,d
ITI1,2019,F,ED4,,d
ITI1,2019,F,ED5,473,
ITI1,2019,F,ED6,41382,
ITI1,2019,F,ED7,29084,
ITI1,2019,F,ED8,1334,
ITI1,2019,M,ED0,44033,
ITI1,2019,M,ED1,87648,
ITI1,2019,M,ED2,54288,
ITI1,2019,M,ED3,86582,d
ITI1,2019,M,ED4,,d
ITI1,2019,M,ED5,720,
ITI1,2019,M,ED6,34750,
ITI1,2019,M,ED7,20167,
ITI1,2019,M,ED8,1481,
ITI1,2019,T,ED0,84484,
ITI1,2019,T,ED1,167756,
ITI1,2019,T,ED2,103126,
ITI1,2019,T,ED3,166265,d
ITI1,2019,T,ED4,,d
ITI1,2019,T,ED5,1193,
ITI1,2019,T,ED6,76132,
ITI1,2019,T,ED7,49251,
ITI1,2019,T,ED8,2815,
ITI1,2020,F,ED0,39305,
ITI1,2020,F,ED1,78884,
ITI1,2020,F,ED2,49490,
ITI1,2020,F,ED3,79993,
ITI1,2020,F,ED4,402,
ITI1,2020,F,ED5,469,
ITI1,2020,F,ED6,41327,
ITI1,2020,F,ED7,30137,
ITI1,2020,F,ED8,1424,
ITI1,2020,M,ED0,42188,
ITI1,2020,M,ED1,84351,
ITI1,2020,M,ED2,54830,
ITI1,2020,M,ED3,86670,
ITI1,2020,M,ED4,402,
ITI1,2020,M,ED5,782,
ITI1,2020,M,ED6,34976,
ITI1,2020,M,ED7,20393,
ITI1,2020,M,ED8,1595,
ITI1,2020,T,ED0,81493,
ITI1,2020,T,ED1,163235,
ITI1,2020,T,ED2,104320,
ITI1,2020,T,ED3,166663,
ITI1,2020,T,ED4,804,
ITI1,2020,T,ED5,1251,
ITI1,2020,T,ED6,76303,
ITI1,2020,T,ED7,50530,
ITI1,2020,T,ED8,3019,
ITI1,2021,F,ED0,36957,
ITI1,2021,F,ED1,76609,
ITI1,2021,F,ED2,49171,
ITI1,2021,F,ED3,81068,
ITI1,2021,F,ED4,18,
ITI1,2021,F,ED5,567,
ITI1,2021,F,ED6,42836,
ITI1,2021,F,ED7,30898,
ITI1,2021,F,ED8,1438,
ITI1,2021,M,ED0,39931,
ITI1,2021,M,ED1,82082,
ITI1,2021,M,ED2,54126,
ITI1,2021,M,ED3,88010,
ITI1,2021,M,ED4,6,
ITI1,2021,M,ED5,1024,
ITI1,2021,M,ED6,35129,
ITI1,2021,M,ED7,20551,
ITI1,2021,M,ED8,1593,
ITI1,2021,T,ED0,76888,
ITI1,2021,T,ED1,158691,
ITI1,2021,T,ED2,103297,
ITI1,2021,T,ED3,169078,
ITI1,2021,T,ED4,24,
ITI1,2021,T,ED5,1591,
ITI1,2021,T,ED6,77965,
ITI1,2021,T,ED7,51449,
ITI1,2021,T,ED8,3031,
ITI1,2022,F,ED0,36351,
ITI1,2022,F,ED1,74915,
ITI1,2022,F,ED2,48872,
ITI1,2022,F,ED3,81652,
ITI1,2022,F,ED4,18,
ITI1,2022,F,ED5,690,
ITI1,2022,F,ED6,42973,
ITI1,2022,F,ED7,31020,
ITI1,2022,F,ED8,1554,
ITI1,2022,M,ED0,38648,
ITI1,2022,M,ED1,80282,
ITI1,2022,M,ED2,53300,
ITI1,2022,M,ED3,88302,
ITI1,2022,M,ED4,6,
ITI1,2022,M,ED5,1391,
ITI1,2022,M,ED6,34597,
ITI1,2022,M,ED7,20266,
ITI1,2022,M,ED8,1846,
ITI1,2022,T,ED0,74999,
ITI1,2022,T,ED1,155197,
ITI1,2022,T,ED2,102172,
ITI1,2022,T,ED3,169954,
ITI1,2022,T,ED4,24,
ITI1,2022,T,ED5,2081,
ITI1,2022,T,ED6,77570,
ITI1,2022,T,ED7,51286,
ITI1,2022,T,ED8,3400,
ITI1,2023,F,ED0,35471,
ITI1,2023,F,ED1,74684,
ITI1,2023,F,ED2,48432,
ITI1,2023,F,ED3,81579,
ITI1,2023,F,ED4,103,
ITI1,2023,F,ED5,691,
ITI1,2023,F,ED6,43024,
ITI1,2023,F,ED7,30987,
ITI1,2023,F,ED8,1721,
ITI1,2023,M,ED0,37417,
ITI1,2023,M,ED1,80539,
ITI1,2023,M,ED2,52427,
ITI1,2023,M,ED3,87411,
ITI1,2023,M,ED4,222,
ITI1,2023,M,ED5,1482,
ITI1,2023,M,ED6,34336,
ITI1,2023,M,ED7,19755,
ITI1,2023,M,ED8,2003,
ITI1,2023,T,ED0,72888,
ITI1,2023,T,ED1,155223,
ITI1,2023,T,ED2,100859,
ITI1,2023,T,ED3,168990,
ITI1,2023,T,ED4,325,
ITI1,2023,T,ED5,2173,
ITI1,2023,T,ED6,77360,
ITI1,2023,T,ED7,50742,
ITI1,2023,T,ED8,3724,
ITI1,2024,F,ED1,72691,
ITI1,2024,F,ED2,48619,
ITI1,2024,F,ED3,81605,
ITI1,2024,F,ED4,239,
ITI1,2024,F,ED5,607,
ITI1,2024,F,ED6,44484,
ITI1,2024,F,ED7,32491,
ITI1,2024,F,ED8,1884,
ITI1,2024,M,ED1,80136,
ITI1,2024,M,ED2,52076,
ITI1,2024,M,ED3,87565,
ITI1,2024,M,ED4,252,
ITI1,2024,M,ED5,1571,
ITI1,2024,M,ED6,35494,
ITI1,2024,M,ED7,20419,
ITI1,2024,M,ED8,2160,
ITI1,2024,T,ED1,152827,
ITI1,2024,T,ED2,100695,
ITI1,2024,T,ED3,169170,
ITI1,2024,T,ED4,491,
ITI1,2024,T,ED5,2178,
ITI1,2024,T,ED6,79978,
ITI1,2024,T,ED7,52910,
ITI1,2024,T,ED8,4044,
ITI2,2013,F,ED0,11702,
ITI2,2013,F,ED1,18836,
ITI2,2013,F,ED2,11443,
ITI2,2013,F,ED3,17682,
ITI2,2013,F,ED4,0,
ITI2,2013,F,ED5,1,
ITI2,2013,F,ED6,8810,
ITI2,2013,F,ED7,7098,
ITI2,2013,F,ED8,203,
ITI2,2013,M,ED0,12649,
ITI2,2013,M,ED1,20313,
ITI2,2013,M,ED2,12591,
ITI2,2013,M,ED3,19012,
ITI2,2013,M,ED4,0,
ITI2,2013,M,ED5,39,
ITI2,2013,M,ED6,7276,
ITI2,2013,M,ED7,4312,
ITI2,2013,M,ED8,187,
ITI2,2013,T,ED0,24351,
ITI2,2013,T,ED1,39149,
ITI2,2013,T,ED2,24034,
ITI2,2013,T,ED3,36694,
ITI2,2013,T,ED4,0,
ITI2,2013,T,ED5,40,
ITI2,2013,T,ED6,16086,
ITI2,2013,T,ED7,11410,
ITI2,2013,T,ED8,390,
ITI2,2014,F,ED1,19005,
ITI2,2014,F,ED2,11479,
ITI2,2014,F,ED3,17716,
ITI2,2014,F,ED4,0,
ITI2,2014,F,ED5,2,
ITI2,2014,F,ED6,8172,
ITI2,2014,F,ED7,6679,
ITI2,2014,F,ED8,257,
ITI2,2014,M,ED1,20539,
ITI2,2014,M,ED2,12321,
ITI2,2014,M,ED3,19266,
ITI2,2014,M,ED4,0,
ITI2,2014,M,ED5,88,
ITI2,2014,M,ED6,6843,
ITI2,2014,M,ED7,4148,
ITI2,2014,M,ED8,200,
ITI2,2014,T,ED1,39544,
ITI2,2014,T,ED2,23800,
ITI2,2014,T,ED3,36982,
ITI2,2014,T,ED4,0,
ITI2,2014,T,ED5,90,
ITI2,2014,T,ED6,15015,
ITI2,2014,T,ED7,10827,
ITI2,2014,T,ED8,457,
ITI2,2015,F,ED1,19287,
ITI2,2015,F,ED2,11276,
ITI2,2015,F,ED3,17901,
ITI2,2015,F,ED4,0,
ITI2,2015,F,ED5,20,
ITI2,2015,F,ED6,7528,
ITI2,2015,F,ED7,7221,
ITI2,2015,F,ED8,292,
ITI2,2015,M,ED1,20578,
ITI2,2015,M,ED2,12382,
ITI2,2015,M,ED3,19414,
ITI2,2015,M,ED4,0,
ITI2,2015,M,ED5,137,
ITI2,2015,M,ED6,6377,
ITI2,2015,M,ED7,4685,
ITI2,2015,M,ED8,200,
ITI2,2015,T,ED1,39865,
ITI2,2015,T,ED2,23658,
ITI2,2015,T,ED3,37315,
ITI2,2015,T,ED4,0,
ITI2,2015,T,ED5,157,
ITI2,2015,T,ED6,13905,
ITI2,2015,T,ED7,11906,
ITI2,2015,T,ED8,492,
ITI2,2016,F,ED0,11099,
ITI2,2016,F,ED1,19095,
ITI2,2016,F,ED2,11297,
ITI2,2016,F,ED3,17980,
ITI2,2016,F,ED4,0,
ITI2,2016,F,ED5,49,
ITI2,2016,F,ED6,7688,
ITI2,2016,F,ED7,6712,
ITI2,2016,F,ED8,229,
ITI2,2016,M,ED0,11772,
ITI2,2016,M,ED1,20342,
ITI2,2016,M,ED2,12313,
ITI2,2016,M,ED3,19513,
ITI2,2016,M,ED4,0,
ITI2,2016,M,ED5,195,
ITI2,2016,M,ED6,6688,
ITI2,2016,M,ED7,4444,
ITI2,2016,M,ED8,149,
ITI2,2016,T,ED0,22871,
ITI2,2016,T,ED1,39437,
ITI2,2016,T,ED2,23610,
ITI2,2016,T,ED3,37493,
ITI2,2016,T,ED4,0,
ITI2,2016,T,ED5,244,
ITI2,2016,T,ED6,14376,
ITI2,2016,T,ED7,11156,
ITI2,2016,T,ED8,378,
ITI2,2017,F,ED0,10814,
ITI2,2017,F,ED1,19437,
ITI2,2017,F,ED2,11345,
ITI2,2017,F,ED3,18016,d
ITI2,2017,F,ED4,,d
ITI2,2017,F,ED5,60,
ITI2,2017,F,ED6,8316,
ITI2,2017,F,ED7,6908,
ITI2,2017,F,ED8,230,
ITI2,2017,M,ED0,11402,
ITI2,2017,M,ED1,21015,
ITI2,2017,M,ED2,12752,
ITI2,2017,M,ED3,19504,d
ITI2,2017,M,ED4,,d
ITI2,2017,M,ED5,244,
ITI2,2017,M,ED6,7090,
ITI2,2017,M,ED7,4371,
ITI2,2017,M,ED8,149,
ITI2,2017,T,ED0,22216,
ITI2,2017,T,ED1,40452,
ITI2,2017,T,ED2,24097,
ITI2,2017,T,ED3,37520,d
ITI2,2017,T,ED4,,d
ITI2,2017,T,ED5,304,
ITI2,2017,T,ED6,15406,
ITI2,2017,T,ED7,11279,
ITI2,2017,T,ED8,379,
ITI2,2018,F,ED0,10441,
ITI2,2018,F,ED1,18772,
ITI2,2018,F,ED2,11485,
ITI2,2018,F,ED3,18405,d
ITI2,2018,F,ED4,,d
ITI2,2018,F,ED5,67,
ITI2,2018,F,ED6,8733,
ITI2,2018,F,ED7,6160,
ITI2,2018,F,ED8,193,
ITI2,2018,M,ED0,10966,
ITI2,2018,M,ED1,20137,
ITI2,2018,M,ED2,12544,
ITI2,2018,M,ED3,20410,d
ITI2,2018,M,ED4,,d
ITI2,2018,M,ED5,284,
ITI2,2018,M,ED6,7051,
ITI2,2018,M,ED7,3945,
ITI2,2018,M,ED8,159,
ITI2,2018,T,ED0,21407,
ITI2,2018,T,ED1,38909,
ITI2,2018,T,ED2,24029,
ITI2,2018,T,ED3,38815,d
ITI2,2018,T,ED4,,d
ITI2,2018,T,ED5,351,
ITI2,2018,T,ED6,15784,
ITI2,2018,T,ED7,10105,
ITI2,2018,T,ED8,352,
ITI2,2019,F,ED0,9962,
ITI2,2019,F,ED1,18941,
ITI2,2019,F,ED2,11670,
ITI2,2019,F,ED3,18491,d
ITI2,2019,F,ED4,,d
ITI2,2019,F,ED5,63,
ITI2,2019,F,ED6,8778,
ITI2,2019,F,ED7,6302,
ITI2,2019,F,ED8,215,
ITI2,2019,M,ED0,10609,
ITI2,2019,M,ED1,20004,
ITI2,2019,M,ED2,12896,
ITI2,2019,M,ED3,20306,d
ITI2,2019,M,ED4,,d
ITI2,2019,M,ED5,328,
ITI2,2019,M,ED6,7323,
ITI2,2019,M,ED7,3915,
ITI2,2019,M,ED8,189,
ITI2,2019,T,ED0,20571,
ITI2,2019,T,ED1,38945,
ITI2,2019,T,ED2,24566,
ITI2,2019,T,ED3,38797,d
ITI2,2019,T,ED4,,d
ITI2,2019,T,ED5,391,
ITI2,2019,T,ED6,16101,
ITI2,2019,T,ED7,10217,
ITI2,2019,T,ED8,404,
ITI2,2020,F,ED0,9692,
ITI2,2020,F,ED1,18504,
ITI2,2020,F,ED2,11887,
ITI2,2020,F,ED3,18538,
ITI2,2020,F,ED4,0,
ITI2,2020,F,ED5,64,
ITI2,2020,F,ED6,8805,
ITI2,2020,F,ED7,6553,
ITI2,2020,F,ED8,220,
ITI2,2020,M,ED0,10145,
ITI2,2020,M,ED1,19365,
ITI2,2020,M,ED2,12845,
ITI2,2020,M,ED3,20556,
ITI2,2020,M,ED4,0,
ITI2,2020,M,ED5,379,
ITI2,2020,M,ED6,7313,
ITI2,2020,M,ED7,3872,
ITI2,2020,M,ED8,219,
ITI2,2020,T,ED0,19837,
ITI2,2020,T,ED1,37869,
ITI2,2020,T,ED2,24732,
ITI2,2020,T,ED3,39094,
ITI2,2020,T,ED4,0,
ITI2,2020,T,ED5,443,
ITI2,2020,T,ED6,16118,
ITI2,2020,T,ED7,10425,
ITI2,2020,T,ED8,439,
ITI2,2021,F,ED0,9052,
ITI2,2021,F,ED1,17972,
ITI2,2021,F,ED2,11689,
ITI2,2021,F,ED3,18843,
ITI2,2021,F,ED4,0,
ITI2,2021,F,ED5,75,
ITI2,2021,F,ED6,10159,
ITI2,2021,F,ED7,7523,
ITI2,2021,F,ED8,226,
ITI2,2021,M,ED0,9614,
ITI2,2021,M,ED1,18685,
ITI2,2021,M,ED2,12611,
ITI2,2021,M,ED3,21043,
ITI2,2021,M,ED4,0,
ITI2,2021,M,ED5,476,
ITI2,2021,M,ED6,7955,
ITI2,2021,M,ED7,4068,
ITI2,2021,M,ED8,229,
ITI2,2021,T,ED0,18666,
ITI2,2021,T,ED1,36657,
ITI2,2021,T,ED2,24300,
ITI2,2021,T,ED3,39886,
ITI2,2021,T,ED4,0,
ITI2,2021,T,ED5,551,
ITI2,2021,T,ED6,18114,
ITI2,2021,T,ED7,11591,
ITI2,2021,T,ED8,455,
ITI2,2022,F,ED0,8831,
ITI2,2022,F,ED1,17600,
ITI2,2022,F,ED2,11561,
ITI2,2022,F,ED3,18944,
ITI2,2022,F,ED4,0,
ITI2,2022,F,ED5,95,
ITI2,2022,F,ED6,10645,
ITI2,2022,F,ED7,7369,
ITI2,2022,F,ED8,247,
ITI2,2022,M,ED0,9368,
ITI2,2022,M,ED1,18426,
ITI2,2022,M,ED2,12357,
ITI2,2022,M,ED3,21410,
ITI2,2022,M,ED4,0,
ITI2,2022,M,ED5,581,
ITI2,2022,M,ED6,7938,
ITI2,2022,M,ED7,4056,
ITI2,2022,M,ED8,235,
ITI2,2022,T,ED0,18199,
ITI2,2022,T,ED1,36026,
ITI2,2022,T,ED2,23918,
ITI2,2022,T,ED3,40354,
ITI2,2022,T,ED4,0,
ITI2,2022,T,ED5,676,
ITI2,2022,T,ED6,18583,
ITI2,2022,T,ED7,11425,
ITI2,2022,T,ED8,482,
ITI2,2023,F,ED0,8565,
ITI2,2023,F,ED1,17392,
ITI2,2023,F,ED2,11452,
ITI2,2023,F,ED3,19310,
ITI2,2023,F,ED4,0,
ITI2,2023,F,ED5,140,
ITI2,2023,F,ED6,10915,
ITI2,2023,F,ED7,7313,
ITI2,2023,F,ED8,276,
ITI2,2023,M,ED0,9129,
ITI2,2023,M,ED1,18217,
ITI2,2023,M,ED2,12288,
ITI2,2023,M,ED3,21438,
ITI2,2023,M,ED4,0,
ITI2,2023,M,ED5,709,
ITI2,2023,M,ED6,8078,
ITI2,2023,M,ED7,3948,
ITI2,2023,M,ED8,250,
ITI2,2023,T,ED0,17694,
ITI2,2023,T,ED1,35609,
ITI2,2023,T,ED2,23740,
ITI2,2023,T,ED3,40748,
ITI2,2023,T,ED4,0,
ITI2,2023,T,ED5,849,
ITI2,2023,T,ED6,18993,
ITI2,2023,T,ED7,11261,
ITI2,2023,T,ED8,526,
ITI2,2024,F,ED1,16645,
ITI2,2024,F,ED2,11543,
ITI2,2024,F,ED3,19291,
ITI2,2024,F,ED4,0,
ITI2,2024,F,ED5,175,
ITI2,2024,F,ED6,11351,
ITI2,2024,F,ED7,7795,
ITI2,2024,F,ED8,306,
ITI2,2024,M,ED1,17947,
ITI2,2024,M,ED2,12201,
ITI2,2024,M,ED3,21415,
ITI2,2024,M,ED4,0,
ITI2,2024,M,ED5,825,
ITI2,2024,M,ED6,8356,
ITI2,2024,M,ED7,4001,
ITI2,2024,M,ED8,289,
ITI2,2024,T,ED1,34592,
ITI2,2024,T,ED2,23744,
ITI2,2024,T,ED3,40706,
ITI2,2024,T,ED4,0,
ITI2,2024,T,ED5,1000,
ITI2,2024,T,ED6,19707,
ITI2,2024,T,ED7,11796,
ITI2,2024,T,ED8,595,
ITI3,2013,F,ED0,20565,
ITI3,2013,F,ED1,33020,
ITI3,2013,F,ED2,20552,
ITI3,2013,F,ED3,34251,
ITI3,2013,F,ED4,0,
ITI3,2013,F,ED5,36,
ITI3,2013,F,ED6,15159,
ITI3,2013,F,ED7,12350,
ITI3,2013,F,ED8,462,
ITI3,2013,M,ED0,22081,
ITI3,2013,M,ED1,35412,
ITI3,2013,M,ED2,22567,
ITI3,2013,M,ED3,36445,
ITI3,2013,M,ED4,0,
ITI3,2013,M,ED5,105,
ITI3,2013,M,ED6,13072,
ITI3,2013,M,ED7,8214,
ITI3,2013,M,ED8,488,
ITI3,2013,T,ED0,42646,
ITI3,2013,T,ED1,68432,
ITI3,2013,T,ED2,43119,
ITI3,2013,T,ED3,70696,
ITI3,2013,T,ED4,0,
ITI3,2013,T,ED5,141,
ITI3,2013,T,ED6,28231,
ITI3,2013,T,ED7,20564,
ITI3,2013,T,ED8,950,
ITI3,2014,F,ED1,33055,
ITI3,2014,F,ED2,20253,
ITI3,2014,F,ED3,34370,
ITI3,2014,F,ED4,0,
ITI3,2014,F,ED5,70,
ITI3,2014,F,ED6,15926,
ITI3,2014,F,ED7,12623,
ITI3,2014,F,ED8,479,
ITI3,2014,M,ED1,35196,
ITI3,2014,M,ED2,22309,
ITI3,2014,M,ED3,36794,
ITI3,2014,M,ED4,0,
ITI3,2014,M,ED5,235,
ITI3,2014,M,ED6,13446,
ITI3,2014,M,ED7,8214,
ITI3,2014,M,ED8,488,
ITI3,2014,T,ED1,68251,
ITI3,2014,T,ED2,42562,
ITI3,2014,T,ED3,71164,
ITI3,2014,T,ED4,0,
ITI3,2014,T,ED5,305,
ITI3,2014,T,ED6,29372,
ITI3,2014,T,ED7,20837,
ITI3,2014,T,ED8,967,
ITI3,2015,F,ED1,33163,
ITI3,2015,F,ED2,20064,
ITI3,2015,F,ED3,34786,
ITI3,2015,F,ED4,0,
ITI3,2015,F,ED5,61,
ITI3,2015,F,ED6,15336,
ITI3,2015,F,ED7,11393,
ITI3,2015,F,ED8,513,
ITI3,2015,M,ED1,35426,
ITI3,2015,M,ED2,21891,
ITI3,2015,M,ED3,37346,
ITI3,2015,M,ED4,0,
ITI3,2015,M,ED5,219,
ITI3,2015,M,ED6,12839,
ITI3,2015,M,ED7,7404,
ITI3,2015,M,ED8,495,
ITI3,2015,T,ED1,68589,
ITI3,2015,T,ED2,41955,
ITI3,2015,T,ED3,72132,
ITI3,2015,T,ED4,0,
ITI3,2015,T,ED5,280,
ITI3,2015,T,ED6,28175,
ITI3,2015,T,ED7,18797,
ITI3,2015,T,ED8,1008,
ITI3,2016,F,ED0,19321,
ITI3,2016,F,ED1,33358,
ITI3,2016,F,ED2,19930,
ITI3,2016,F,ED3,34788,
ITI3,2016,F,ED4,0,
ITI3,2016,F,ED5,125,
ITI3,2016,F,ED6,16566,
ITI3,2016,F,ED7,11630,
ITI3,2016,F,ED8,470,
ITI3,2016,M,ED0,20799,
ITI3,2016,M,ED1,35461,
ITI3,2016,M,ED2,21812,
ITI3,2016,M,ED3,37404,
ITI3,2016,M,ED4,0,
ITI3,2016,M,ED5,240,
ITI3,2016,M,ED6,13577,
ITI3,2016,M,ED7,7484,
ITI3,2016,M,ED8,446,
ITI3,2016,T,ED0,40120,
ITI3,2016,T,ED1,68819,
ITI3,2016,T,ED2,41742,
ITI3,2016,T,ED3,72192,
ITI3,2016,T,ED4,0,
ITI3,2016,T,ED5,365,
ITI3,2016,T,ED6,30143,
ITI3,2016,T,ED7,19114,
ITI3,2016,T,ED8,916,
ITI3,2017,F,ED0,18656,
ITI3,2017,F,ED1,33811,
ITI3,2017,F,ED2,19992,
ITI3,2017,F,ED3,34713,d
ITI3,2017,F,ED4,,d
ITI3,2017,F,ED5,153,
ITI3,2017,F,ED6,16764,
ITI3,2017,F,ED7,11823,
ITI3,2017,F,ED8,407,
ITI3,2017,M,ED0,20246,
ITI3,2017,M,ED1,36978,
ITI3,2017,M,ED2,21878,
ITI3,2017,M,ED3,37202,d
ITI3,2017,M,ED4,,d
ITI3,2017,M,ED5,232,
ITI3,2017,M,ED6,13835,
ITI3,2017,M,ED7,7572,
ITI3,2017,M,ED8,398,
ITI3,2017,T,ED0,38902,
ITI3,2017,T,ED1,70789,
ITI3,2017,T,ED2,41870,
ITI3,2017,T,ED3,71915,d
ITI3,2017,T,ED4,,d
ITI3,2017,T,ED5,385,
ITI3,2017,T,ED6,30599,
ITI3,2017,T,ED7,19395,
ITI3,2017,T,ED8,805,
ITI3,2018,F,ED0,17933,
ITI3,2018,F,ED1,34053,
ITI3,2018,F,ED2,20201,
ITI3,2018,F,ED3,34457,d
ITI3,2018,F,ED4,,d
ITI3,2018,F,ED5,182,
ITI3,2018,F,ED6,21661,
ITI3,2018,F,ED7,12102,
ITI3,2018,F,ED8,385,
ITI3,2018,M,ED0,19512,
ITI3,2018,M,ED1,37835,
ITI3,2018,M,ED2,22160,
ITI3,2018,M,ED3,36870,d
ITI3,2018,M,ED4,,d
ITI3,2018,M,ED5,246,
ITI3,2018,M,ED6,16176,
ITI3,2018,M,ED7,7674,
ITI3,2018,M,ED8,362,
ITI3,2018,T,ED0,37445,
ITI3,2018,T,ED1,71888,
ITI3,2018,T,ED2,42361,
ITI3,2018,T,ED3,71327,d
ITI3,2018,T,ED4,,d
ITI3,2018,T,ED5,428,
ITI3,2018,T,ED6,37837,
ITI3,2018,T,ED7,19776,
ITI3,2018,T,ED8,747,
ITI3,2019,F,ED0,17524,
ITI3,2019,F,ED1,33944,
ITI3,2019,F,ED2,20263,
ITI3,2019,F,ED3,34387,d
ITI3,2019,F,ED4,,d
ITI3,2019,F,ED5,184,
ITI3,2019,F,ED6,16888,
ITI3,2019,F,ED7,12078,
ITI3,2019,F,ED8,365,
ITI3,2019,M,ED0,18818,
ITI3,2019,M,ED1,37039,
ITI3,2019,M,ED2,22173,
ITI3,2019,M,ED3,36959,d
ITI3,2019,M,ED4,,d
ITI3,2019,M,ED5,343,
ITI3,2019,M,ED6,14127,
ITI3,2019,M,ED7,7431,
ITI3,2019,M,ED8,363,
ITI3,2019,T,ED0,36342,
ITI3,2019,T,ED1,70983,
ITI3,2019,T,ED2,42436,
ITI3,2019,T,ED3,71346,d
ITI3,2019,T,ED4,,d
ITI3,2019,T,ED5,527,
ITI3,2019,T,ED6,31015,
ITI3,2019,T,ED7,19509,
ITI3,2019,T,ED8,728,
ITI3,2020,F,ED0,16995,
ITI3,2020,F,ED1,33377,
ITI3,2020,F,ED2,20384,
ITI3,2020,F,ED3,34550,
ITI3,2020,F,ED4,58,
ITI3,2020,F,ED5,178,
ITI3,2020,F,ED6,16558,
ITI3,2020,F,ED7,12320,
ITI3,2020,F,ED8,388,
ITI3,2020,M,ED0,18173,
ITI3,2020,M,ED1,35705,
ITI3,2020,M,ED2,22249,
ITI3,2020,M,ED3,36850,
ITI3,2020,M,ED4,75,
ITI3,2020,M,ED5,413,
ITI3,2020,M,ED6,13964,
ITI3,2020,M,ED7,7415,
ITI3,2020,M,ED8,364,
ITI3,2020,T,ED0,35168,
ITI3,2020,T,ED1,69082,
ITI3,2020,T,ED2,42633,
ITI3,2020,T,ED3,71400,
ITI3,2020,T,ED4,133,
ITI3,2020,T,ED5,591,
ITI3,2020,T,ED6,30522,
ITI3,2020,T,ED7,19735,
ITI3,2020,T,ED8,752,
ITI3,2021,F,ED0,16052,
ITI3,2021,F,ED1,31926,
ITI3,2021,F,ED2,20549,
ITI3,2021,F,ED3,34876,
ITI3,2021,F,ED4,33,
ITI3,2021,F,ED5,244,
ITI3,2021,F,ED6,16720,
ITI3,2021,F,ED7,17024,
ITI3,2021,F,ED8,398,
ITI3,2021,M,ED0,17145,
ITI3,2021,M,ED1,34002,
ITI3,2021,M,ED2,22132,
ITI3,2021,M,ED3,37296,
ITI3,2021,M,ED4,60,
ITI3,2021,M,ED5,479,
ITI3,2021,M,ED6,14061,
ITI3,2021,M,ED7,10196,
ITI3,2021,M,ED8,377,
ITI3,2021,T,ED0,33197,
ITI3,2021,T,ED1,65928,
ITI3,2021,T,ED2,42681,
ITI3,2021,T,ED3,72172,
ITI3,2021,T,ED4,93,
ITI3,2021,T,ED5,723,
ITI3,2021,T,ED6,30781,
ITI3,2021,T,ED7,27220,
ITI3,2021,T,ED8,775,
ITI3,2022,F,ED0,15399,
ITI3,2022,F,ED1,31719,
ITI3,2022,F,ED2,20333,
ITI3,2022,F,ED3,34983,
ITI3,2022,F,ED4,33,
ITI3,2022,F,ED5,300,
ITI3,2022,F,ED6,15385,
ITI3,2022,F,ED7,12876,
ITI3,2022,F,ED8,449,
ITI3,2022,M,ED0,16452,
ITI3,2022,M,ED1,33579,
ITI3,2022,M,ED2,21903,
ITI3,2022,M,ED3,37278,
ITI3,2022,M,ED4,60,
ITI3,2022,M,ED5,589,
ITI3,2022,M,ED6,13295,
ITI3,2022,M,ED7,7018,
ITI3,2022,M,ED8,399,
ITI3,2022,T,ED0,31851,
ITI3,2022,T,ED1,65298,
ITI3,2022,T,ED2,42236,
ITI3,2022,T,ED3,72261,
ITI3,2022,T,ED4,93,
ITI3,2022,T,ED5,889,
ITI3,2022,T,ED6,28680,
ITI3,2022,T,ED7,19894,
ITI3,2022,T,ED8,848,
ITI3,2023,F,ED0,14793,
ITI3,2023,F,ED1,31466,
ITI3,2023,F,ED2,20377,
ITI3,2023,F,ED3,35232,
ITI3,2023,F,ED4,108,
ITI3,2023,F,ED5,355,
ITI3,2023,F,ED6,16209,
ITI3,2023,F,ED7,12691,
ITI3,2023,F,ED8,502,
ITI3,2023,M,ED0,15936,
ITI3,2023,M,ED1,33979,
ITI3,2023,M,ED2,21668,
ITI3,2023,M,ED3,37570,
ITI3,2023,M,ED4,135,
ITI3,2023,M,ED5,654,
ITI3,2023,M,ED6,12964,
ITI3,2023,M,ED7,6911,
ITI3,2023,M,ED8,455,
ITI3,2023,T,ED0,30729,
ITI3,2023,T,ED1,65445,
ITI3,2023,T,ED2,42045,
ITI3,2023,T,ED3,72802,
ITI3,2023,T,ED4,243,
ITI3,2023,T,ED5,1009,
ITI3,2023,T,ED6,29173,
ITI3,2023,T,ED7,19602,
ITI3,2023,T,ED8,957,
ITI3,2024,F,ED1,30745,
ITI3,2024,F,ED2,20133,
ITI3,2024,F,ED3,35365,
ITI3,2024,F,ED4,101,
ITI3,2024,F,ED5,301,
ITI3,2024,F,ED6,15991,
ITI3,2024,F,ED7,13117,
ITI3,2024,F,ED8,562,
ITI3,2024,M,ED1,33738,
ITI3,2024,M,ED2,21227,
ITI3,2024,M,ED3,37677,
ITI3,2024,M,ED4,103,
ITI3,2024,M,ED5,667,
ITI3,2024,M,ED6,13155,
ITI3,2024,M,ED7,7217,
ITI3,2024,M,ED8,498,
ITI3,2024,T,ED1,64483,
ITI3,2024,T,ED2,41360,
ITI3,2024,T,ED3,73042,
ITI3,2024,T,ED4,204,
ITI3,2024,T,ED5,968,
ITI3,2024,T,ED6,29146,
ITI3,2024,T,ED7,20334,
ITI3,2024,T,ED8,1060,
ITI4,2013,F,ED0,73663,
ITI4,2013,F,ED1,129362,
ITI4,2013,F,ED2,78631,
ITI4,2013,F,ED3,124971,
ITI4,2013,F,ED4,0,
ITI4,2013,F,ED5,99,
ITI4,2013,F,ED6,83984,
ITI4,2013,F,ED7,62765,
ITI4,2013,F,ED8,3297,
ITI4,2013,M,ED0,79572,
ITI4,2013,M,ED1,138029,
ITI4,2013,M,ED2,85972,
ITI4,2013,M,ED3,132936,
ITI4,2013,M,ED4,0,
ITI4,2013,M,ED5,223,
ITI4,2013,M,ED6,78340,
ITI4,2013,M,ED7,43452,
ITI4,2013,M,ED8,3014,
ITI4,2013,T,ED0,153235,
ITI4,2013,T,ED1,267391,
ITI4,2013,T,ED2,164603,
ITI4,2013,T,ED3,257907,
ITI4,2013,T,ED4,0,
ITI4,2013,T,ED5,322,
ITI4,2013,T,ED6,162324,
ITI4,2013,T,ED7,106217,
ITI4,2013,T,ED8,6311,
ITI4,2014,F,ED1,130830,
ITI4,2014,F,ED2,78094,
ITI4,2014,F,ED3,125660,
ITI4,2014,F,ED4,0,
ITI4,2014,F,ED5,165,
ITI4,2014,F,ED6,86174,
ITI4,2014,F,ED7,64689,
ITI4,2014,F,ED8,3448,
ITI4,2014,M,ED1,139615,
ITI4,2014,M,ED2,85495,
ITI4,2014,M,ED3,134296,
ITI4,2014,M,ED4,0,
ITI4,2014,M,ED5,359,
ITI4,2014,M,ED6,79765,
ITI4,2014,M,ED7,44671,
ITI4,2014,M,ED8,3105,
ITI4,2014,T,ED1,270445,
ITI4,2014,T,ED2,163589,
ITI4,2014,T,ED3,259956,
ITI4,2014,T,ED4,0,
ITI4,2014,T,ED5,524,
ITI4,2014,T,ED6,165939,
ITI4,2014,T,ED7,109360,
ITI4,2014,T,ED8,6553,
ITI4,2015,F,ED1,131505,
ITI4,2015,F,ED2,77881,
ITI4,2015,F,ED3,126163,
ITI4,2015,F,ED4,0,
ITI4,2015,F,ED5,228,
ITI4,2015,F,ED6,82083,
ITI4,2015,F,ED7,60819,
ITI4,2015,F,ED8,3255,
ITI4,2015,M,ED1,140452,
ITI4,2015,M,ED2,84748,
ITI4,2015,M,ED3,136095,
ITI4,2015,M,ED4,0,
ITI4,2015,M,ED5,418,
ITI4,2015,M,ED6,78166,
ITI4,2015,M,ED7,43733,
ITI4,2015,M,ED8,2902,
ITI4,2015,T,ED1,271957,
ITI4,2015,T,ED2,162629,
ITI4,2015,T,ED3,262258,
ITI4,2015,T,ED4,0,
ITI4,2015,T,ED5,646,
ITI4,2015,T,ED6,160249,
ITI4,2015,T,ED7,104552,
ITI4,2015,T,ED8,6157,
ITI4,2016,F,ED0,70643,
ITI4,2016,F,ED1,132031,
ITI4,2016,F,ED2,78703,
ITI4,2016,F,ED3,125962,
ITI4,2016,F,ED4,0,
ITI4,2016,F,ED5,222,
ITI4,2016,F,ED6,84689,
ITI4,2016,F,ED7,60232,
ITI4,2016,F,ED8,2923,
ITI4,2016,M,ED0,76588,
ITI4,2016,M,ED1,140366,
ITI4,2016,M,ED2,84910,
ITI4,2016,M,ED3,135885,
ITI4,2016,M,ED4,0,
ITI4,2016,M,ED5,457,
ITI4,2016,M,ED6,80484,
ITI4,2016,M,ED7,44151,
ITI4,2016,M,ED8,2564,
ITI4,2016,T,ED0,147231,
ITI4,2016,T,ED1,272397,
ITI4,2016,T,ED2,163613,
ITI4,2016,T,ED3,261847,
ITI4,2016,T,ED4,0,
ITI4,2016,T,ED5,679,
ITI4,2016,T,ED6,165173,
ITI4,2016,T,ED7,104383,
ITI4,2016,T,ED8,5487,
ITI4,2017,F,ED0,68761,
ITI4,2017,F,ED1,134165,
ITI4,2017,F,ED2,79175,
ITI4,2017,F,ED3,125638,d
ITI4,2017,F,ED4,,d
ITI4,2017,F,ED5,244,
ITI4,2017,F,ED6,85087,
ITI4,2017,F,ED7,59176,
ITI4,2017,F,ED8,2761,
ITI4,2017,M,ED0,74157,
ITI4,2017,M,ED1,145374,
ITI4,2017,M,ED2,86164,
ITI4,2017,M,ED3,135596,d
ITI4,2017,M,ED4,,d
ITI4,2017,M,ED5,488,
ITI4,2017,M,ED6,80207,
ITI4,2017,M,ED7,43945,
ITI4,2017,M,ED8,2401,
ITI4,2017,T,ED0,142918,
ITI4,2017,T,ED1,279539,
ITI4,2017,T,ED2,165339,
ITI4,2017,T,ED3,261234,d
ITI4,2017,T,ED4,,d
ITI4,2017,T,ED5,732,
ITI4,2017,T,ED6,165294,
ITI4,2017,T,ED7,103121,
ITI4,2017,T,ED8,5162,
ITI4,2018,F,ED0,66456,
ITI4,2018,F,ED1,132329,
ITI4,2018,F,ED2,79119,
ITI4,2018,F,ED3,126455,d
ITI4,2018,F,ED4,,d
ITI4,2018,F,ED5,255,
ITI4,2018,F,ED6,82246,
ITI4,2018,F,ED7,62052,
ITI4,2018,F,ED8,2715,
ITI4,2018,M,ED0,71786,
ITI4,2018,M,ED1,143760,
ITI4,2018,M,ED2,86382,
ITI4,2018,M,ED3,136682,d
ITI4,2018,M,ED4,,d
ITI4,2018,M,ED5,478,
ITI4,2018,M,ED6,81101,
ITI4,2018,M,ED7,46357,
ITI4,2018,M,ED8,2376,
ITI4,2018,T,ED0,138242,
ITI4,2018,T,ED1,276089,
ITI4,2018,T,ED2,165501,
ITI4,2018,T,ED3,263137,d
ITI4,2018,T,ED4,,d
ITI4,2018,T,ED5,733,
ITI4,2018,T,ED6,163347,
ITI4,2018,T,ED7,108409,
ITI4,2018,T,ED8,5091,
ITI4,2019,F,ED0,64677,
ITI4,2019,F,ED1,131760,
ITI4,2019,F,ED2,80065,
ITI4,2019,F,ED3,128202,d
ITI4,2019,F,ED4,,d
ITI4,2019,F,ED5,314,
ITI4,2019,F,ED6,90380,
ITI4,2019,F,ED7,64340,
ITI4,2019,F,ED8,2791,
ITI4,2019,M,ED0,69686,
ITI4,2019,M,ED1,142169,
ITI4,2019,M,ED2,87470,
ITI4,2019,M,ED3,137841,d
ITI4,2019,M,ED4,,d
ITI4,2019,M,ED5,578,
ITI4,2019,M,ED6,85988,
ITI4,2019,M,ED7,47627,
ITI4,2019,M,ED8,2484,
ITI4,2019,T,ED0,134363,
ITI4,2019,T,ED1,273929,
ITI4,2019,T,ED2,167535,
ITI4,2019,T,ED3,266043,d
ITI4,2019,T,ED4,,d
ITI4,2019,T,ED5,892,
ITI4,2019,T,ED6,176368,
ITI4,2019,T,ED7,111967,
ITI4,2019,T,ED8,5275,
ITI4,2020,F,ED0,63515,
ITI4,2020,F,ED1,129334,
ITI4,2020,F,ED2,81078,
ITI4,2020,F,ED3,127777,
ITI4,2020,F,ED4,0,
ITI4,2020,F,ED5,340,
ITI4,2020,F,ED6,94703,
ITI4,2020,F,ED7,66847,
ITI4,2020,F,ED8,2846,
ITI4,2020,M,ED0,68041,
ITI4,2020,M,ED1,137886,
ITI4,2020,M,ED2,87832,
ITI4,2020,M,ED3,138224,
ITI4,2020,M,ED4,0,
ITI4,2020,M,ED5,708,
ITI4,2020,M,ED6,88482,
ITI4,2020,M,ED7,48081,
ITI4,2020,M,ED8,2602,
ITI4,2020,T,ED0,131556,
ITI4,2020,T,ED1,267220,
ITI4,2020,T,ED2,168910,
ITI4,2020,T,ED3,266001,
ITI4,2020,T,ED4,0,
ITI4,2020,T,ED5,1048,
ITI4,2020,T,ED6,183185,
ITI4,2020,T,ED7,114928,
ITI4,2020,T,ED8,5448,
ITI4,2021,F,ED0,59878,
ITI4,2021,F,ED1,125133,
ITI4,2021,F,ED2,80174,
ITI4,2021,F,ED3,130428,
ITI4,2021,F,ED4,0,
ITI4,2021,F,ED5,337,
ITI4,2021,F,ED6,104790,
ITI4,2021,F,ED7,68812,
ITI4,2021,F,ED8,2882,
ITI4,2021,M,ED0,64102,
ITI4,2021,M,ED1,134388,
ITI4,2021,M,ED2,86736,
ITI4,2021,M,ED3,140639,
ITI4,2021,M,ED4,0,
ITI4,2021,M,ED5,781,
ITI4,2021,M,ED6,96310,
ITI4,2021,M,ED7,48488,
ITI4,2021,M,ED8,2789,
ITI4,2021,T,ED0,123980,
ITI4,2021,T,ED1,259521,
ITI4,2021,T,ED2,166910,
ITI4,2021,T,ED3,271067,
ITI4,2021,T,ED4,0,
ITI4,2021,T,ED5,1118,
ITI4,2021,T,ED6,201100,
ITI4,2021,T,ED7,117300,
ITI4,2021,T,ED8,5671,
ITI4,2022,F,ED0,58096,
ITI4,2022,F,ED1,122690,
ITI4,2022,F,ED2,79380,
ITI4,2022,F,ED3,132390,
ITI4,2022,F,ED4,0,
ITI4,2022,F,ED5,401,
ITI4,2022,F,ED6,117481,
ITI4,2022,F,ED7,78082,
ITI4,2022,F,ED8,3206,
ITI4,2022,M,ED0,62724,
ITI4,2022,M,ED1,130726,
ITI4,2022,M,ED2,85509,
ITI4,2022,M,ED3,142573,
ITI4,2022,M,ED4,0,
ITI4,2022,M,ED5,949,
ITI4,2022,M,ED6,104151,
ITI4,2022,M,ED7,52861,
ITI4,2022,M,ED8,3155,
ITI4,2022,T,ED0,120820,
ITI4,2022,T,ED1,253416,
ITI4,2022,T,ED2,164889,
ITI4,2022,T,ED3,274963,
ITI4,2022,T,ED4,0,
ITI4,2022,T,ED5,1350,
ITI4,2022,T,ED6,221632,
ITI4,2022,T,ED7,130943,
ITI4,2022,T,ED8,6361,
ITI4,2023,F,ED0,55739,
ITI4,2023,F,ED1,122090,
ITI4,2023,F,ED2,79152,
ITI4,2023,F,ED3,132195,
ITI4,2023,F,ED4,0,
ITI4,2023,F,ED5,478,
ITI4,2023,F,ED6,128921,
ITI4,2023,F,ED7,82338,
ITI4,2023,F,ED8,3605,
ITI4,2023,M,ED0,59578,
ITI4,2023,M,ED1,130263,
ITI4,2023,M,ED2,85302,
ITI4,2023,M,ED3,142276,
ITI4,2023,M,ED4,0,
ITI4,2023,M,ED5,1361,
ITI4,2023,M,ED6,111679,
ITI4,2023,M,ED7,54608,
ITI4,2023,M,ED8,3497,
ITI4,2023,T,ED0,115317,
ITI4,2023,T,ED1,252353,
ITI4,2023,T,ED2,164454,
ITI4,2023,T,ED3,274471,
ITI4,2023,T,ED4,0,
ITI4,2023,T,ED5,1839,
ITI4,2023,T,ED6,240600,
ITI4,2023,T,ED7,136946,
ITI4,2023,T,ED8,7102,
ITI4,2024,F,ED1,118763,
ITI4,2024,F,ED2,79130,
ITI4,2024,F,ED3,132546,
ITI4,2024,F,ED4,0,
ITI4,2024,F,ED5,640,
ITI4,2024,F,ED6,137047,
ITI4,2024,F,ED7,89313,
ITI4,2024,F,ED8,4004,
ITI4,2024,M,ED1,128508,
ITI4,2024,M,ED2,84999,
ITI4,2024,M,ED3,142632,
ITI4,2024,M,ED4,0,
ITI4,2024,M,ED5,1715,
ITI4,2024,M,ED6,114838,
ITI4,2024,M,ED7,57634,
ITI4,2024,M,ED8,3727,
ITI4,2024,T,ED1,247271,
ITI4,2024,T,ED2,164129,
ITI4,2024,T,ED3,275178,
ITI4,2024,T,ED4,0,
ITI4,2024,T,ED5,2355,
ITI4,2024,T,ED6,251885,
ITI4,2024,T,ED7,146947,
ITI4,2024,T,ED8,7731,
